company,companyLabel,countryLabel,shipsBuilt,sizeClass,shipsInClass
http://www.wikidata.org/entity/Q218715,Blohm + Voss,Германия,239,5_handymax (180-200м),13
http://www.wikidata.org/entity/Q218715,Blohm + Voss,Германия,239,4_handysize (130-180м),65
http://www.wikidata.org/entity/Q239763,Avondale Shipyards,США,103,2_прибрежное (25-100м),7
http://www.wikidata.org/entity/Q292748,AG Weser,Германия,116,4_handysize (130-180м),35
http://www.wikidata.org/entity/Q292748,AG Weser,Германский рейх,116,4_handysize (130-180м),35
http://www.wikidata.org/entity/Q300860,Ольборгская судоверфь,Дания,81,2_прибрежное (25-100м),37
http://www.wikidata.org/entity/Q321221,Neptun Werft,Германия,147,4_handysize (130-180м),50
http://www.wikidata.org/entity/Q321221,Neptun Werft,Германия,147,3_mini-handy (100-130м),42
http://www.wikidata.org/entity/Q489243,Samsung Heavy Industries,Республика Корея,831,6_panamax (200-295м),581
http://www.wikidata.org/entity/Q527466,Bremer Vulkan,Германия,190,4_handysize (130-180м),77
http://www.wikidata.org/entity/Q527466,Bremer Vulkan,Германский рейх,190,4_handysize (130-180м),77
http://www.wikidata.org/entity/Q623503,William Beardmore and Company,Великобритания,47,4_handysize (130-180м),9
http://www.wikidata.org/entity/Q648280,Mitsubishi Heavy Industries,Япония,181,6_panamax (200-295м),40
http://www.wikidata.org/entity/Q672038,Escher Wyss & Cie.,Швейцария,10,2_прибрежное (25-100м),5
http://www.wikidata.org/entity/Q700418,Howaldtswerke-Deutsche Werft,Германия,262,2_прибрежное (25-100м),29
http://www.wikidata.org/entity/Q700418,Howaldtswerke-Deutsche Werft,Германия,262,4_handysize (130-180м),51
http://www.wikidata.org/entity/Q703194,Germaniawerft,Германский рейх,118,3_mini-handy (100-130м),31
http://www.wikidata.org/entity/Q705377,Meyer Werft,Германия,152,2_прибрежное (25-100м),36
http://www.wikidata.org/entity/Q807945,Barclay Curle,Великобритания,65,4_handysize (130-180м),18
http://www.wikidata.org/entity/Q839979,Красное Сормово,Россия,203,2_прибрежное (25-100м),25
http://www.wikidata.org/entity/Q848977,Harland and Wolff,Великобритания,434,4_handysize (130-180м),108
http://www.wikidata.org/entity/Q848977,Harland and Wolff,Великобритания,434,6_panamax (200-295м),57
http://www.wikidata.org/entity/Q1016699,Бурмейстер и Вайн,Дания,124,3_mini-handy (100-130м),9
http://www.wikidata.org/entity/Q1029631,Cammell Laird,Великобритания,257,4_handysize (130-180м),28
http://www.wikidata.org/entity/Q1158347,Damen Schelde Naval Shipbuilding,Нидерланды,60,4_handysize (130-180м),17
http://www.wikidata.org/entity/Q1327429,Fincantieri,Италия,270,4_handysize (130-180м),55
http://www.wikidata.org/entity/Q1397597,Fassmer,Германия,36,2_прибрежное (25-100м),29
http://www.wikidata.org/entity/Q1547220,Sir Raylton Dixon,,13,3_mini-handy (100-130м),1
http://www.wikidata.org/entity/Q1548575,"R. & W. Hawthorn, Leslie and Company",Великобритания,129,2_прибрежное (25-100м),15
http://www.wikidata.org/entity/Q1571257,"Hall, Russell & Company",Великобритания,832,2_прибрежное (25-100м),13
http://www.wikidata.org/entity/Q1631703,Howaldtswerke Hamburg,Германия,61,5_handymax (180-200м),6
http://www.wikidata.org/entity/Q1631703,Howaldtswerke Hamburg,Германский рейх,61,5_handymax (180-200м),6
http://www.wikidata.org/entity/Q1691902,Joh. C. Tecklenborg,Германия,36,2_прибрежное (25-100м),10
http://www.wikidata.org/entity/Q1826035,Lindenau Shipyard,Германия,77,2_прибрежное (25-100м),14
http://www.wikidata.org/entity/Q2365833,Sun Shipbuilding & Drydock Co.,США,73,4_handysize (130-180м),17
http://www.wikidata.org/entity/Q2506669,VT Group,Великобритания,20,2_прибрежное (25-100м),4
http://www.wikidata.org/entity/Q2578470,William Denny and Brothers,Великобритания,170,2_прибрежное (25-100м),24
http://www.wikidata.org/entity/Q2634589,Черноморский судостроительный завод,Украина,104,5_handymax (180-200м),13
http://www.wikidata.org/entity/Q4978195,Stocznia Gdynia,Польша,210,4_handysize (130-180м),57
http://www.wikidata.org/entity/Q5588432,Gourlay Brothers,Великобритания,16,2_прибрежное (25-100м),2
http://www.wikidata.org/entity/Q7330990,Richmond Shipyards,США,23,3_mini-handy (100-130м),6
http://www.wikidata.org/entity/Q10577472,Marinteknik,Швеция,29,2_прибрежное (25-100м),27
http://www.wikidata.org/entity/Q14552001,Jansen-Werft,Германия,42,2_прибрежное (25-100м),32
http://www.wikidata.org/entity/Q28569825,Robert Napier and Sons,Великобритания,34,3_mini-handy (100-130м),5
http://www.wikidata.org/entity/Q49961350,Boelwerf Vlaanderen NV,Бельгия,23,3_mini-handy (100-130м),4
http://www.wikidata.org/entity/Q82610,Newport News Shipbuilding,США,221,2_прибрежное (25-100м),7
http://www.wikidata.org/entity/Q82610,Newport News Shipbuilding,США,221,4_handysize (130-180м),15
http://www.wikidata.org/entity/Q218715,Blohm + Voss,Германия,239,2_прибрежное (25-100м),44
http://www.wikidata.org/entity/Q218715,Blohm + Voss,Германия,239,3_mini-handy (100-130м),33
http://www.wikidata.org/entity/Q292745,AG Vulcan Stettin,Веймарская республика,195,4_handysize (130-180м),23
http://www.wikidata.org/entity/Q292745,AG Vulcan Stettin,Германская империя,195,4_handysize (130-180м),23
http://www.wikidata.org/entity/Q292748,AG Weser,Германия,116,5_handymax (180-200м),4
http://www.wikidata.org/entity/Q292748,AG Weser,Германский рейх,116,5_handymax (180-200м),4
http://www.wikidata.org/entity/Q304148,Österreichische Schiffswerften AG,Австрия,26,2_прибрежное (25-100м),14
http://www.wikidata.org/entity/Q316438,Deutsche Werft,Германия,66,2_прибрежное (25-100м),3
http://www.wikidata.org/entity/Q316438,Deutsche Werft,Нацистская Германия,66,2_прибрежное (25-100м),3
http://www.wikidata.org/entity/Q316438,Deutsche Werft,Веймарская республика,66,2_прибрежное (25-100м),3
http://www.wikidata.org/entity/Q316438,Deutsche Werft,Германская империя,66,2_прибрежное (25-100м),3
http://www.wikidata.org/entity/Q316438,Deutsche Werft,Германский рейх,66,2_прибрежное (25-100м),3
http://www.wikidata.org/entity/Q327429,Wärtsilä,Финляндия,90,6_panamax (200-295м),9
http://www.wikidata.org/entity/Q378849,Navantia,Испания,38,4_handysize (130-180м),10
http://www.wikidata.org/entity/Q703194,Germaniawerft,Германский рейх,118,4_handysize (130-180м),10
http://www.wikidata.org/entity/Q763386,Brest Arsenal,Франция,44,2_прибрежное (25-100м),4
http://www.wikidata.org/entity/Q765925,Chantiers de l'Atlantique,Франция,168,3_mini-handy (100-130м),7
http://www.wikidata.org/entity/Q780696,Austal,Австралия,90,2_прибрежное (25-100м),72
http://www.wikidata.org/entity/Q827085,Nobiskrug,Германия,84,2_прибрежное (25-100м),34
http://www.wikidata.org/entity/Q845144,Trondhjems mekaniske Værksted,Норвегия,48,2_прибрежное (25-100м),18
http://www.wikidata.org/entity/Q846694,William Cramp and Sons,США,149,2_прибрежное (25-100м),4
http://www.wikidata.org/entity/Q1229954,Norderwerft Hamburg,Германия,11,2_прибрежное (25-100м),10
http://www.wikidata.org/entity/Q1229954,Norderwerft Hamburg,Германский рейх,11,2_прибрежное (25-100м),10
http://www.wikidata.org/entity/Q1362430,Lübecker Maschinenbau Gesellschaft,Германия,8,3_mini-handy (100-130м),4
http://www.wikidata.org/entity/Q1552142,Reiherstieg Schiffswerfte & Maschinenfabrik,Германия,37,3_mini-handy (100-130м),3
http://www.wikidata.org/entity/Q1795881,Kölner Werft,Германия,7,2_прибрежное (25-100м),6
http://www.wikidata.org/entity/Q2258010,Boelwerf,Бельгия,21,4_handysize (130-180м),5
http://www.wikidata.org/entity/Q2868909,Ateliers et Chantiers de France,Франция,20,4_handysize (130-180м),9
http://www.wikidata.org/entity/Q3077298,Société Nouvelle des Forges et Chantiers de la Méditerranée,Франция,91,2_прибрежное (25-100м),14
http://www.wikidata.org/entity/Q3077298,Société Nouvelle des Forges et Chantiers de la Méditerranée,Франция,91,3_mini-handy (100-130м),4
http://www.wikidata.org/entity/Q3655760,Cantiere navale fratelli Orlando,Италия,32,4_handysize (130-180м),3
http://www.wikidata.org/entity/Q7106621,Oshima Shipbuilding,Япония,754,6_panamax (200-295м),257
http://www.wikidata.org/entity/Q10727553,Öresund shipyard,Швеция,63,6_panamax (200-295м),4
http://www.wikidata.org/entity/Q11382415,Sasaki Shipbuilding,Япония,23,2_прибрежное (25-100м),10
http://www.wikidata.org/entity/Q12501564,PT PAL,Индонезия,5,2_прибрежное (25-100м),1
http://www.wikidata.org/entity/Q13188857,Schiffswerft Diedrich,Германия,19,2_прибрежное (25-100м),16
http://www.wikidata.org/entity/Q13188857,Schiffswerft Diedrich,Германия,19,1_малое (<25м),2
http://www.wikidata.org/entity/Q14329180,Lux-Werft und Schifffahrt,Германия,48,2_прибрежное (25-100м),40
http://www.wikidata.org/entity/Q14685545,John Roach & Sons,США,20,2_прибрежное (25-100м),2
http://www.wikidata.org/entity/Q16565979,Factorías Vulcano,Испания,25,3_mini-handy (100-130м),13
http://www.wikidata.org/entity/Q17773943,Fredrikstad Mekaniske Verksted,Норвегия,47,2_прибрежное (25-100м),10
http://www.wikidata.org/entity/Q21036308,SET Schiffbau- u. Entwicklungsgesellschaft Tangermünde,Германия,12,2_прибрежное (25-100м),10
http://www.wikidata.org/entity/Q85718221,Mitsui Tamano Shipyard,Япония,218,4_handysize (130-180м),22
http://www.wikidata.org/entity/Q292745,AG Vulcan Stettin,Веймарская республика,195,2_прибрежное (25-100м),28
http://www.wikidata.org/entity/Q292745,AG Vulcan Stettin,Германская империя,195,2_прибрежное (25-100м),28
http://www.wikidata.org/entity/Q292748,AG Weser,Германия,116,2_прибрежное (25-100м),15
http://www.wikidata.org/entity/Q292748,AG Weser,Германский рейх,116,2_прибрежное (25-100м),15
http://www.wikidata.org/entity/Q309084,Alstom,Франция,5,6_panamax (200-295м),4
http://www.wikidata.org/entity/Q527466,Bremer Vulkan,Германия,190,2_прибрежное (25-100м),5
http://www.wikidata.org/entity/Q527466,Bremer Vulkan,Германский рейх,190,2_прибрежное (25-100м),5
http://www.wikidata.org/entity/Q531348,Kaiserliche Werft Danzig,Германия,30,2_прибрежное (25-100м),23
http://www.wikidata.org/entity/Q621541,Appledore Shipbuilders,Великобритания,48,2_прибрежное (25-100м),38
http://www.wikidata.org/entity/Q689159,Армстронг Уитуорт,Великобритания,143,3_mini-handy (100-130м),13
http://www.wikidata.org/entity/Q703194,Germaniawerft,Германский рейх,118,2_прибрежное (25-100м),27
http://www.wikidata.org/entity/Q765925,Chantiers de l'Atlantique,Франция,168,6_panamax (200-295м),60
http://www.wikidata.org/entity/Q913741,Incat,Австралия,64,2_прибрежное (25-100м),50
http://www.wikidata.org/entity/Q946123,Rotterdamsche Droogdok Maatschappij,Нидерланды,28,6_panamax (200-295м),4
http://www.wikidata.org/entity/Q1016699,Бурмейстер и Вайн,Дания,124,2_прибрежное (25-100м),12
http://www.wikidata.org/entity/Q1021814,Büsumer Werft,Германия,8,2_прибрежное (25-100м),7
http://www.wikidata.org/entity/Q1025914,Caird & Company,Великобритания,53,4_handysize (130-180м),13
http://www.wikidata.org/entity/Q1029631,Cammell Laird,Великобритания,257,2_прибрежное (25-100м),25
http://www.wikidata.org/entity/Q1063973,Charles Connell and Company,Великобритания,43,2_прибрежное (25-100м),2
http://www.wikidata.org/entity/Q1065535,Charles Mitchell and Company,Великобритания,6,3_mini-handy (100-130м),1
http://www.wikidata.org/entity/Q1193195,Ingalls Shipbuilding,США,216,4_handysize (130-180м),15
http://www.wikidata.org/entity/Q1267285,Husumer Schiffswerft,Германия,63,2_прибрежное (25-100м),56
http://www.wikidata.org/entity/Q1323171,Fore River Shipyard,США,99,4_handysize (130-180м),2
http://www.wikidata.org/entity/Q1604557,Elsinore Shipyard and Machine Construction,Дания,59,3_mini-handy (100-130м),25
http://www.wikidata.org/entity/Q1631703,Howaldtswerke Hamburg,Германия,61,4_handysize (130-180м),35
http://www.wikidata.org/entity/Q1631703,Howaldtswerke Hamburg,Германский рейх,61,4_handysize (130-180м),35
http://www.wikidata.org/entity/Q1653679,IHI Corporation,Япония,87,4_handysize (130-180м),7
http://www.wikidata.org/entity/Q1691902,Joh. C. Tecklenborg,Германия,36,4_handysize (130-180м),5
http://www.wikidata.org/entity/Q1736541,Гданьская судоверфь,Польша,172,2_прибрежное (25-100м),24
http://www.wikidata.org/entity/Q1808912,Sumitomo Heavy Industries,Япония,165,6_panamax (200-295м),131
http://www.wikidata.org/entity/Q1973983,Nederlandse Scheepsbouw Maatschappij,Нидерланды,79,4_handysize (130-180м),33
http://www.wikidata.org/entity/Q2061530,Swan Hunter,Великобритания,311,3_mini-handy (100-130м),20
http://www.wikidata.org/entity/Q2061530,Swan Hunter,Великобритания,311,4_handysize (130-180м),53
http://www.wikidata.org/entity/Q2239612,Schlichting-Werft,Германия,16,2_прибрежное (25-100м),9
http://www.wikidata.org/entity/Q2289924,Sir James Laing and Sons,Великобритания,8,4_handysize (130-180м),3
http://www.wikidata.org/entity/Q2578470,William Denny and Brothers,Великобритания,170,3_mini-handy (100-130м),21
http://www.wikidata.org/entity/Q3505627,Earle's Shipbuilding,Великобритания,59,2_прибрежное (25-100м),11
http://www.wikidata.org/entity/Q6711338,Lödöse Varv AB,Швеция,4,4_handysize (130-180м),1
http://www.wikidata.org/entity/Q6750274,Manitowoc Shipbuilding Company,США,10,2_прибрежное (25-100м),1
http://www.wikidata.org/entity/Q11989662,Mjellem & Karlsen Verft,Норвегия,61,3_mini-handy (100-130м),3
http://www.wikidata.org/entity/Q23042271,Gravdal Skibsbyggeri,Норвегия,24,2_прибрежное (25-100м),11
http://www.wikidata.org/entity/Q52265373,Trosvik Verksted,Норвегия,88,8_vlcc и крупнее (>330м),1
http://www.wikidata.org/entity/Q281380,Бенетти,Италия,13,2_прибрежное (25-100м),13
http://www.wikidata.org/entity/Q316438,Deutsche Werft,Германия,66,3_mini-handy (100-130м),8
http://www.wikidata.org/entity/Q316438,Deutsche Werft,Нацистская Германия,66,3_mini-handy (100-130м),8
http://www.wikidata.org/entity/Q316438,Deutsche Werft,Веймарская республика,66,3_mini-handy (100-130м),8
http://www.wikidata.org/entity/Q316438,Deutsche Werft,Германская империя,66,3_mini-handy (100-130м),8
http://www.wikidata.org/entity/Q316438,Deutsche Werft,Германский рейх,66,3_mini-handy (100-130м),8
http://www.wikidata.org/entity/Q573094,Заводы Шихау,Пруссия,155,2_прибрежное (25-100м),23
http://www.wikidata.org/entity/Q573094,Заводы Шихау,Германский рейх,155,2_прибрежное (25-100м),23
http://www.wikidata.org/entity/Q617597,Alexander Stephen and Sons,Великобритания,87,3_mini-handy (100-130м),10
http://www.wikidata.org/entity/Q617597,Alexander Stephen and Sons,Великобритания,87,5_handymax (180-200м),3
http://www.wikidata.org/entity/Q626585,Верфь Hyundai Mipo,Республика Корея,1481,4_handysize (130-180м),190
http://www.wikidata.org/entity/Q763052,Vickers-Armstrongs,Великобритания,123,4_handysize (130-180м),15
http://www.wikidata.org/entity/Q848977,Harland and Wolff,Великобритания,434,7_capesize (295-330м),1
http://www.wikidata.org/entity/Q924701,Бродосплит,Хорватия,107,2_прибрежное (25-100м),27
http://www.wikidata.org/entity/Q1029631,Cammell Laird,Великобритания,257,3_mini-handy (100-130м),21
http://www.wikidata.org/entity/Q1189406,Nylands mekaniske verksted,Норвегия,304,2_прибрежное (25-100м),14
http://www.wikidata.org/entity/Q1289733,Thames Ironworks and Shipbuilding Company,Великобритания,72,2_прибрежное (25-100м),13
http://www.wikidata.org/entity/Q1327429,Fincantieri,Италия,270,6_panamax (200-295м),122
http://www.wikidata.org/entity/Q1393251,Fairfield Shipbuilding and Engineering Company,Великобритания,181,4_handysize (130-180м),36
http://www.wikidata.org/entity/Q1393251,Fairfield Shipbuilding and Engineering Company,Великобритания,181,3_mini-handy (100-130м),16
http://www.wikidata.org/entity/Q1549757,Scotts Shipbuilding and Engineering Company,Великобритания,79,4_handysize (130-180м),16
http://www.wikidata.org/entity/Q1682990,Janssen & Schmilinsky,Германия,9,2_прибрежное (25-100м),4
http://www.wikidata.org/entity/Q1691902,Joh. C. Tecklenborg,Германия,36,3_mini-handy (100-130м),7
http://www.wikidata.org/entity/Q1699428,John Brown & Company,Великобритания,224,4_handysize (130-180м),30
http://www.wikidata.org/entity/Q1747787,Rickmers Werft,Германия,48,3_mini-handy (100-130м),20
http://www.wikidata.org/entity/Q1747787,Rickmers Werft,Германский рейх,48,3_mini-handy (100-130м),20
http://www.wikidata.org/entity/Q1778277,Odense Steel Shipyard,Дания,188,5_handymax (180-200м),15
http://www.wikidata.org/entity/Q1973983,Nederlandse Scheepsbouw Maatschappij,Нидерланды,79,2_прибрежное (25-100м),3
http://www.wikidata.org/entity/Q2210573,Roßlauer Schiffswerft,ГДР,61,2_прибрежное (25-100м),39
http://www.wikidata.org/entity/Q2279275,Shipyard De Hoop,Нидерланды,36,2_прибрежное (25-100м),11
http://www.wikidata.org/entity/Q2279275,Shipyard De Hoop,Нидерланды,36,3_mini-handy (100-130м),16
http://www.wikidata.org/entity/Q4011196,Vickers Shipbuilding and Engineering,Великобритания,31,4_handysize (130-180м),4
http://www.wikidata.org/entity/Q5163305,Consolidated Steel Corporation,США,185,3_mini-handy (100-130м),7
http://www.wikidata.org/entity/Q5599444,Great Lakes Engineering Works,США,28,2_прибрежное (25-100м),3
http://www.wikidata.org/entity/Q6198710,NKK,Япония,184,3_mini-handy (100-130м),8
http://www.wikidata.org/entity/Q7257522,Huntington Ingalls Industries,США,18,2_прибрежное (25-100м),1
http://www.wikidata.org/entity/Q11407898,Minaminippon Shipbuilding,Япония,138,5_handymax (180-200м),65
http://www.wikidata.org/entity/Q11481552,Tsuneishi Shipbuilding,Япония,600,2_прибрежное (25-100м),14
http://www.wikidata.org/entity/Q11590668,Tsuneishi Kure Dock,Япония,204,2_прибрежное (25-100м),21
http://www.wikidata.org/entity/Q13403563,Fujian Mawei Shipbuilding,Китай,137,2_прибрежное (25-100м),44
http://www.wikidata.org/entity/Q14548994,Schiffswerft Schmidt,Германия,21,2_прибрежное (25-100м),20
http://www.wikidata.org/entity/Q16993938,Herd & McKenzie Shipbuilders,Великобритания,3,2_прибрежное (25-100м),2
http://www.wikidata.org/entity/Q18287543,Cityvarvet,Швеция,21,2_прибрежное (25-100м),4
http://www.wikidata.org/entity/Q18549846,Vard Tulcea,Румыния,71,2_прибрежное (25-100м),43
http://www.wikidata.org/entity/Q65691188,Oseberg Viking Heritage Foundation,Норвегия,4,1_малое (<25м),4
http://www.wikidata.org/entity/Q127869050,Scheepswerf Gideon v/h J. Koster Hzn.,Нидерланды,3,2_прибрежное (25-100м),2
http://www.wikidata.org/entity/Q218715,Blohm + Voss,Германия,239,6_panamax (200-295м),26
http://www.wikidata.org/entity/Q1699428,John Brown & Company,Великобритания,224,2_прибрежное (25-100м),12
http://www.wikidata.org/entity/Q7258923,Puget Sound Bridge and Dredging Company,США,4,2_прибрежное (25-100м),1
http://www.wikidata.org/entity/Q82610,Newport News Shipbuilding,США,221,3_mini-handy (100-130м),6
http://www.wikidata.org/entity/Q323261,Дешимаг,Нацистская Германия,49,3_mini-handy (100-130м),22
http://www.wikidata.org/entity/Q323261,Дешимаг,Веймарская республика,49,3_mini-handy (100-130м),22
http://www.wikidata.org/entity/Q483231,Hyundai Heavy Industries,Республика Корея,1116,6_panamax (200-295м),601
http://www.wikidata.org/entity/Q530989,Балтийский завод,Россия,109,8_vlcc и крупнее (>330м),2
http://www.wikidata.org/entity/Q553599,Schichau Seebeck,Германия,111,2_прибрежное (25-100м),32
http://www.wikidata.org/entity/Q568913,Штулкен,Германия,33,2_прибрежное (25-100м),7
http://www.wikidata.org/entity/Q568913,Штулкен,Германский рейх,33,2_прибрежное (25-100м),7
http://www.wikidata.org/entity/Q807945,Barclay Curle,Великобритания,65,3_mini-handy (100-130м),4
http://www.wikidata.org/entity/Q812277,Bayerische Schiffbaugesellschaft,Германия,7,2_прибрежное (25-100м),6
http://www.wikidata.org/entity/Q889362,Bodan-Werft,Германия,48,2_прибрежное (25-100м),44
http://www.wikidata.org/entity/Q1000042,Meidericher Schiffswerft,Германия,3,2_прибрежное (25-100м),3
http://www.wikidata.org/entity/Q1151382,D. and W. Henderson and Company,Великобритания,17,2_прибрежное (25-100м),4
http://www.wikidata.org/entity/Q1548575,"R. & W. Hawthorn, Leslie and Company",Великобритания,129,4_handysize (130-180м),14
http://www.wikidata.org/entity/Q1549803,Robert Duncan and Co.,Великобритания,7,2_прибрежное (25-100м),3
http://www.wikidata.org/entity/Q1653679,IHI Corporation,Япония,87,2_прибрежное (25-100м),2
http://www.wikidata.org/entity/Q1673509,Rolandwerft,Германия,99,2_прибрежное (25-100м),33
http://www.wikidata.org/entity/Q1678193,Neue Jadewerft GmbH,Германия,19,2_прибрежное (25-100м),17
http://www.wikidata.org/entity/Q1973983,Nederlandse Scheepsbouw Maatschappij,Нидерланды,79,6_panamax (200-295м),16
http://www.wikidata.org/entity/Q1979526,Neue Schiffswerft Germersheim,Германия,5,2_прибрежное (25-100м),5
http://www.wikidata.org/entity/Q2210180,ИХЦ,Нидерланды,61,3_mini-handy (100-130м),17
http://www.wikidata.org/entity/Q3437865,Bergen Mekaniske Verksted,Норвегия,117,2_прибрежное (25-100м),45
http://www.wikidata.org/entity/Q5221477,Danziger Werft,Вольный город Данциг,6,2_прибрежное (25-100м),1
http://www.wikidata.org/entity/Q5253340,Delaware River Iron Ship Building and Engine Works,,15,3_mini-handy (100-130м),1
http://www.wikidata.org/entity/Q12358532,Aker Finnyards,Финляндия,28,6_panamax (200-295м),7
http://www.wikidata.org/entity/Q16842471,Henry Robb,Великобритания,37,3_mini-handy (100-130м),4
http://www.wikidata.org/entity/Q100235343,"Scheepswerf Peters, Kampen",Нидерланды,95,3_mini-handy (100-130м),25
http://www.wikidata.org/entity/Q1016857,Burntisland Shipbuilding Company,Великобритания,17,4_handysize (130-180м),1
http://www.wikidata.org/entity/Q1029631,Cammell Laird,Великобритания,257,6_panamax (200-295м),8
http://www.wikidata.org/entity/Q1297442,Moss Verft,Норвегия,45,2_прибрежное (25-100м),20
http://www.wikidata.org/entity/Q1475066,Furness Shipbuilding Company,Великобритания,25,4_handysize (130-180м),5
http://www.wikidata.org/entity/Q13220673,Виккерс,Великобритания,47,5_handymax (180-200м),11
http://www.wikidata.org/entity/Q323531,Flensburger Schiffbau-Gesellschaft,Германия,150,3_mini-handy (100-130м),16
http://www.wikidata.org/entity/Q489251,HD Hyundai Samho,Республика Корея,586,8_vlcc и крупнее (>330м),164
http://www.wikidata.org/entity/Q899122,Mitsui Group,Япония,5,4_handysize (130-180м),2
http://www.wikidata.org/entity/Q1327429,Fincantieri,Италия,270,5_handymax (180-200м),11
http://www.wikidata.org/entity/Q1882681,P. Smit Jr.,Нидерланды,12,2_прибрежное (25-100м),1
http://www.wikidata.org/entity/Q2235333,Schiffswerft Christof Ruthof,Германия,10,2_прибрежное (25-100м),6
http://www.wikidata.org/entity/Q2868912,Ateliers et Chantiers du Havre,Франция,38,3_mini-handy (100-130м),14
http://www.wikidata.org/entity/Q7418903,Sanoyas Hishino Meisho,Япония,10,6_panamax (200-295м),3
http://www.wikidata.org/entity/Q11484094,Imabari Shipbuilding Hiroshima Shipyard,Япония,262,6_panamax (200-295м),217
http://www.wikidata.org/entity/Q18287543,Cityvarvet,Швеция,21,6_panamax (200-295м),3
http://www.wikidata.org/entity/Q19373646,Harding Verft,Норвегия,9,2_прибрежное (25-100м),6
http://www.wikidata.org/entity/Q52503328,Simek,Норвегия,57,2_прибрежное (25-100м),55
http://www.wikidata.org/entity/Q56231733,Tsuneishi Miho Shipbuilding,Япония,73,3_mini-handy (100-130м),30
http://www.wikidata.org/entity/Q95511941,Scott shipyard,Франция,5,3_mini-handy (100-130м),6
http://www.wikidata.org/entity/Q104520543,Damen Shipyards Hardinxveld,Нидерланды,56,2_прибрежное (25-100м),37
http://www.wikidata.org/entity/Q657784,Mare Island NSY,США,48,4_handysize (130-180м),4
http://www.wikidata.org/entity/Q886896,Blyth Shipbuilding Company,Великобритания,16,3_mini-handy (100-130м),1
http://www.wikidata.org/entity/Q1063973,Charles Connell and Company,Великобритания,43,3_mini-handy (100-130м),3
http://www.wikidata.org/entity/Q2688386,Военно-морской арсенал Куре,Япония,39,5_handymax (180-200м),2
http://www.wikidata.org/entity/Q3077291,Forges et Chantiers de la Gironde,Франция,25,4_handysize (130-180м),2
http://www.wikidata.org/entity/Q13220673,Виккерс,Великобритания,47,3_mini-handy (100-130м),4
http://www.wikidata.org/entity/Q318326,Abeking & Rasmussen,Германия,64,1_малое (<25м),8
http://www.wikidata.org/entity/Q318326,Abeking & Rasmussen,Германский рейх,64,1_малое (<25м),8
http://www.wikidata.org/entity/Q323531,Flensburger Schiffbau-Gesellschaft,Германия,150,5_handymax (180-200м),24
http://www.wikidata.org/entity/Q377674,Oderwerke,Польша,15,2_прибрежное (25-100м),8
http://www.wikidata.org/entity/Q426695,New York Shipbuilding,США,165,2_прибрежное (25-100м),1
http://www.wikidata.org/entity/Q553599,Schichau Seebeck,Германия,111,4_handysize (130-180м),53
http://www.wikidata.org/entity/Q573094,Заводы Шихау,Пруссия,155,4_handysize (130-180м),11
http://www.wikidata.org/entity/Q573094,Заводы Шихау,Германский рейх,155,4_handysize (130-180м),11
http://www.wikidata.org/entity/Q634984,Federal Shipbuilding and Drydock Company,США,193,2_прибрежное (25-100м),3
http://www.wikidata.org/entity/Q648280,Mitsubishi Heavy Industries,Япония,181,4_handysize (130-180м),43
http://www.wikidata.org/entity/Q780696,Austal,Австралия,90,3_mini-handy (100-130м),10
http://www.wikidata.org/entity/Q1003299,Framnæs Mekaniske Værksted,Норвегия,25,4_handysize (130-180м),12
http://www.wikidata.org/entity/Q2061530,Swan Hunter,Великобритания,311,2_прибрежное (25-100м),21
http://www.wikidata.org/entity/Q2956394,Chantiers Dubigeon,Франция,33,4_handysize (130-180м),12
http://www.wikidata.org/entity/Q4050834,Tenix Pty Limited,Австралия,5,4_handysize (130-180м),1
http://www.wikidata.org/entity/Q4128552,Выборгский судостроительный завод,Россия,56,4_handysize (130-180м),17
http://www.wikidata.org/entity/Q11989662,Mjellem & Karlsen Verft,Норвегия,61,2_прибрежное (25-100м),47
http://www.wikidata.org/entity/Q12718333,Skaalurens Skibsbyggeri,Норвегия,20,2_прибрежное (25-100м),17
http://www.wikidata.org/entity/Q26881,Хельсингёр,Дания,3,4_handysize (130-180м),2
http://www.wikidata.org/entity/Q292745,AG Vulcan Stettin,Веймарская республика,195,3_mini-handy (100-130м),16
http://www.wikidata.org/entity/Q292745,AG Vulcan Stettin,Германская империя,195,3_mini-handy (100-130м),16
http://www.wikidata.org/entity/Q300860,Ольборгская судоверфь,Дания,81,4_handysize (130-180м),19
http://www.wikidata.org/entity/Q378849,Navantia,Испания,38,5_handymax (180-200м),3
http://www.wikidata.org/entity/Q553599,Schichau Seebeck,Германия,111,5_handymax (180-200м),6
http://www.wikidata.org/entity/Q573094,Заводы Шихау,Пруссия,155,3_mini-handy (100-130м),13
http://www.wikidata.org/entity/Q573094,Заводы Шихау,Германский рейх,155,3_mini-handy (100-130м),13
http://www.wikidata.org/entity/Q648280,Mitsubishi Heavy Industries,Япония,181,3_mini-handy (100-130м),10
http://www.wikidata.org/entity/Q670100,Sulzer,Швейцария,3,2_прибрежное (25-100м),1
http://www.wikidata.org/entity/Q689159,Армстронг Уитуорт,Великобритания,143,2_прибрежное (25-100м),9
http://www.wikidata.org/entity/Q700418,Howaldtswerke-Deutsche Werft,Германия,262,3_mini-handy (100-130м),23
http://www.wikidata.org/entity/Q827085,Nobiskrug,Германия,84,4_handysize (130-180м),17
http://www.wikidata.org/entity/Q845786,Cockerill-Sambre,Бельгия,7,3_mini-handy (100-130м),3
http://www.wikidata.org/entity/Q884303,Nordic Yards Wismar,Германия,224,5_handymax (180-200м),21
http://www.wikidata.org/entity/Q1297442,Moss Verft,Норвегия,45,5_handymax (180-200м),2
http://www.wikidata.org/entity/Q1327429,Fincantieri,Италия,270,3_mini-handy (100-130м),14
http://www.wikidata.org/entity/Q1439358,Fosen Yard,Норвегия,50,6_panamax (200-295м),2
http://www.wikidata.org/entity/Q1453164,Frederikshavn Shipyard,Дания,62,4_handysize (130-180м),24
http://www.wikidata.org/entity/Q1604557,Elsinore Shipyard and Machine Construction,Дания,59,4_handysize (130-180м),25
http://www.wikidata.org/entity/Q1747787,Rickmers Werft,Германия,48,4_handysize (130-180м),12
http://www.wikidata.org/entity/Q1747787,Rickmers Werft,Германский рейх,48,4_handysize (130-180м),12
http://www.wikidata.org/entity/Q2298785,Van der Giessen de Noord,Нидерланды,81,4_handysize (130-180м),41
http://www.wikidata.org/entity/Q3155843,Italcantieri,Италия,14,3_mini-handy (100-130м),2
http://www.wikidata.org/entity/Q3655767,Cantieri Navali del Tirreno Riuniti,Италия,58,4_handysize (130-180м),11
http://www.wikidata.org/entity/Q6750274,Manitowoc Shipbuilding Company,США,10,3_mini-handy (100-130м),2
http://www.wikidata.org/entity/Q6764149,Marine Industries Limited,Канада,34,3_mini-handy (100-130м),2
http://www.wikidata.org/entity/Q10727553,Öresund shipyard,Швеция,63,4_handysize (130-180м),18
http://www.wikidata.org/entity/Q11972223,Glommen Mekaniske verksted,Норвегия,23,2_прибрежное (25-100м),12
http://www.wikidata.org/entity/Q11990799,Nakskov Skibsværft,Дания,28,5_handymax (180-200м),2
http://www.wikidata.org/entity/Q11990799,Nakskov Skibsværft,Дания,28,4_handysize (130-180м),21
http://www.wikidata.org/entity/Q16575033,Hijos de J. Barreras,Испания,51,5_handymax (180-200м),2
http://www.wikidata.org/entity/Q19827622,Orskov Yard,Дания,163,4_handysize (130-180м),20
http://www.wikidata.org/entity/Q21192982,Nuovi Cantieri Apuania,Италия,36,4_handysize (130-180м),5
http://www.wikidata.org/entity/Q47109392,Tangen Verft,Норвегия,22,3_mini-handy (100-130м),8
http://www.wikidata.org/entity/Q124463941,Finnyards,Финляндия,9,4_handysize (130-180м),5
http://www.wikidata.org/entity/Q278500,A. & J. Inglis,Великобритания,44,2_прибрежное (25-100м),10
http://www.wikidata.org/entity/Q290188,Gio. Ansaldo & C.,Италия,74,6_panamax (200-295м),7
http://www.wikidata.org/entity/Q292745,AG Vulcan Stettin,Веймарская республика,195,6_panamax (200-295м),6
http://www.wikidata.org/entity/Q292745,AG Vulcan Stettin,Германская империя,195,6_panamax (200-295м),6
http://www.wikidata.org/entity/Q316438,Deutsche Werft,Германия,66,8_vlcc и крупнее (>330м),1
http://www.wikidata.org/entity/Q316438,Deutsche Werft,Нацистская Германия,66,8_vlcc и крупнее (>330м),1
http://www.wikidata.org/entity/Q316438,Deutsche Werft,Веймарская республика,66,8_vlcc и крупнее (>330м),1
http://www.wikidata.org/entity/Q316438,Deutsche Werft,Германская империя,66,8_vlcc и крупнее (>330м),1
http://www.wikidata.org/entity/Q316438,Deutsche Werft,Германский рейх,66,8_vlcc и крупнее (>330м),1
http://www.wikidata.org/entity/Q524435,Нью-Йоркская военно-морская верфь,США,90,2_прибрежное (25-100м),2
http://www.wikidata.org/entity/Q530989,Балтийский завод,Россия,109,3_mini-handy (100-130м),11
http://www.wikidata.org/entity/Q617597,Alexander Stephen and Sons,Великобритания,87,4_handysize (130-180м),16
http://www.wikidata.org/entity/Q846694,William Cramp and Sons,США,149,3_mini-handy (100-130м),4
http://www.wikidata.org/entity/Q848977,Harland and Wolff,Великобритания,434,5_handymax (180-200м),31
http://www.wikidata.org/entity/Q877321,Pella Sietas,Германия,555,2_прибрежное (25-100м),240
http://www.wikidata.org/entity/Q877321,Pella Sietas,Германия,555,4_handysize (130-180м),165
http://www.wikidata.org/entity/Q880959,Blackwall Yard,Великобритания,14,2_прибрежное (25-100м),2
http://www.wikidata.org/entity/Q1016699,Бурмейстер и Вайн,Дания,124,7_capesize (295-330м),1
http://www.wikidata.org/entity/Q1025914,Caird & Company,Великобритания,53,2_прибрежное (25-100м),5
http://www.wikidata.org/entity/Q1025914,Caird & Company,Великобритания,53,3_mini-handy (100-130м),6
http://www.wikidata.org/entity/Q1026563,Caledon Shipbuilding & Engineering Company,Великобритания,36,4_handysize (130-180м),6
http://www.wikidata.org/entity/Q1026563,Caledon Shipbuilding & Engineering Company,Великобритания,36,2_прибрежное (25-100м),8
http://www.wikidata.org/entity/Q1139597,Palmers Shipbuilding and Iron Company,Великобритания,85,2_прибрежное (25-100м),8
http://www.wikidata.org/entity/Q1151382,D. and W. Henderson and Company,Великобритания,17,4_handysize (130-180м),5
http://www.wikidata.org/entity/Q1547220,Sir Raylton Dixon,,13,2_прибрежное (25-100м),2
http://www.wikidata.org/entity/Q1552142,Reiherstieg Schiffswerfte & Maschinenfabrik,Германия,37,2_прибрежное (25-100м),6
http://www.wikidata.org/entity/Q1699428,John Brown & Company,Великобритания,224,6_panamax (200-295м),19
http://www.wikidata.org/entity/Q1699428,John Brown & Company,Великобритания,224,3_mini-handy (100-130м),17
http://www.wikidata.org/entity/Q1959394,Muetzelfeldtwerft in Cuxhaven,Германия,25,2_прибрежное (25-100м),14
http://www.wikidata.org/entity/Q2235333,Schiffswerft Christof Ruthof,Германия,10,3_mini-handy (100-130м),2
http://www.wikidata.org/entity/Q2593294,Woolwich Dockyard,Великобритания,59,2_прибрежное (25-100м),7
http://www.wikidata.org/entity/Q6860129,Millwall Iron Works,Великобритания,8,6_panamax (200-295м),1
http://www.wikidata.org/entity/Q8016655,William Patterson Shipbuilders,Великобритания,3,2_прибрежное (25-100м),2
http://www.wikidata.org/entity/Q11158393,Aker Solutions Stord,Норвегия,25,4_handysize (130-180м),1
http://www.wikidata.org/entity/Q13220673,Виккерс,Великобритания,47,6_panamax (200-295м),6
http://www.wikidata.org/entity/Q16938532,Bethlehem Fairfield Shipyard,,67,4_handysize (130-180м),16
http://www.wikidata.org/entity/Q318326,Abeking & Rasmussen,Германия,64,2_прибрежное (25-100м),49
http://www.wikidata.org/entity/Q318326,Abeking & Rasmussen,Германский рейх,64,2_прибрежное (25-100м),49
http://www.wikidata.org/entity/Q327429,Wärtsilä,Финляндия,90,4_handysize (130-180м),46
http://www.wikidata.org/entity/Q1278953,Arctech Helsinki Shipyard,Финляндия,6,2_прибрежное (25-100м),4
http://www.wikidata.org/entity/Q1289733,Thames Ironworks and Shipbuilding Company,Великобритания,72,3_mini-handy (100-130м),8
http://www.wikidata.org/entity/Q1747787,Rickmers Werft,Германия,48,2_прибрежное (25-100м),11
http://www.wikidata.org/entity/Q1747787,Rickmers Werft,Германский рейх,48,2_прибрежное (25-100м),11
http://www.wikidata.org/entity/Q2234114,Schichau Unterweser,Германия,28,3_mini-handy (100-130м),5
http://www.wikidata.org/entity/Q2560213,Lühring-Werft,Германия,35,2_прибрежное (25-100м),32
http://www.wikidata.org/entity/Q2579015,William Gray & Company,Великобритания,43,4_handysize (130-180м),1
http://www.wikidata.org/entity/Q3200761,Kvaerner Fjellstrand,Норвегия,80,2_прибрежное (25-100м),71
http://www.wikidata.org/entity/Q4939795,Bollinger Shipyards,США,14,2_прибрежное (25-100м),2
http://www.wikidata.org/entity/Q5871699,Kanadevia Corporation,Япония,69,4_handysize (130-180м),10
http://www.wikidata.org/entity/Q6663729,Lobnitz,Великобритания,13,2_прибрежное (25-100м),1
http://www.wikidata.org/entity/Q11502552,Shin Kurushima Dockyard,Япония,739,4_handysize (130-180м),314
http://www.wikidata.org/entity/Q11874481,Laivateollisuus,Финляндия,31,2_прибрежное (25-100м),21
http://www.wikidata.org/entity/Q11899761,Uki Workboat,Финляндия,9,2_прибрежное (25-100м),5
http://www.wikidata.org/entity/Q20730929,Янтарь (судостроительный завод),Россия,45,2_прибрежное (25-100м),7
http://www.wikidata.org/entity/Q56432811,Astilleros Zamakona,Испания,30,2_прибрежное (25-100м),29
http://www.wikidata.org/entity/Q85717793,Damen Shipyards Gorinchem,Нидерланды,273,2_прибрежное (25-100м),168
http://www.wikidata.org/entity/Q106202080,Astilleros Celaya,Испания,10,2_прибрежное (25-100м),14
http://www.wikidata.org/entity/Q327429,Wärtsilä,Финляндия,90,2_прибрежное (25-100м),17
http://www.wikidata.org/entity/Q20065184,"Workman, Clark and Company",Великобритания,50,4_handysize (130-180м),5
http://www.wikidata.org/entity/Q489243,Samsung Heavy Industries,Республика Корея,831,7_capesize (295-330м),49
http://www.wikidata.org/entity/Q489243,Samsung Heavy Industries,Республика Корея,831,2_прибрежное (25-100м),5
http://www.wikidata.org/entity/Q489251,HD Hyundai Samho,Республика Корея,586,7_capesize (295-330м),30
http://www.wikidata.org/entity/Q497860,Hanwha Ocean,Республика Корея,1105,2_прибрежное (25-100м),9
http://www.wikidata.org/entity/Q654971,Keppel Verolme,Нидерланды,10,4_handysize (130-180м),3
http://www.wikidata.org/entity/Q657784,Mare Island NSY,США,48,1_малое (<25м),1
http://www.wikidata.org/entity/Q848977,Harland and Wolff,Великобритания,434,2_прибрежное (25-100м),6
http://www.wikidata.org/entity/Q1193195,Ingalls Shipbuilding,США,216,2_прибрежное (25-100м),11
http://www.wikidata.org/entity/Q2292711,Адмиралтейские верфи,Россия,85,7_capesize (295-330м),4
http://www.wikidata.org/entity/Q2292711,Адмиралтейские верфи,Россия,85,2_прибрежное (25-100м),6
http://www.wikidata.org/entity/Q3655748,Regio Cantiere di Castellammare di Stabia,Италия,63,2_прибрежное (25-100м),5
http://www.wikidata.org/entity/Q4700638,Aker Verdal,Норвегия,6,3_mini-handy (100-130м),5
http://www.wikidata.org/entity/Q4822844,Austal USA,США,39,3_mini-handy (100-130м),10
http://www.wikidata.org/entity/Q5210936,Dalian Shipbuilding Industry Company,Китай,287,4_handysize (130-180м),44
http://www.wikidata.org/entity/Q5871699,Kanadevia Corporation,Япония,69,2_прибрежное (25-100м),6
http://www.wikidata.org/entity/Q6198710,NKK,Япония,184,6_panamax (200-295м),93
http://www.wikidata.org/entity/Q6535665,Levingston Shipbuilding Company,США,28,2_прибрежное (25-100м),11
http://www.wikidata.org/entity/Q7106621,Oshima Shipbuilding,Япония,754,5_handymax (180-200м),425
http://www.wikidata.org/entity/Q7106621,Oshima Shipbuilding,Япония,754,4_handysize (130-180м),40
http://www.wikidata.org/entity/Q10417437,Q10417437,Швеция,4,2_прибрежное (25-100м),4
http://www.wikidata.org/entity/Q11890180,Rauma-Repola,Финляндия,61,2_прибрежное (25-100м),26
http://www.wikidata.org/entity/Q11982099,Kristiansands Mek. Verksted,Норвегия,22,3_mini-handy (100-130м),6
http://www.wikidata.org/entity/Q47136413,Lindstøl Skips- & Båtbyggeri,Норвегия,21,2_прибрежное (25-100м),16
http://www.wikidata.org/entity/Q49961350,Boelwerf Vlaanderen NV,Бельгия,23,6_panamax (200-295м),3
http://www.wikidata.org/entity/Q1197161,Valmet,Финляндия,39,4_handysize (130-180м),11
http://www.wikidata.org/entity/Q1467758,Todd Pacific Shipyards,США,127,4_handysize (130-180м),6
http://www.wikidata.org/entity/Q5976644,Kaiser Shipyards,США,103,4_handysize (130-180м),6
http://www.wikidata.org/entity/Q7442043,Судостроительная корпорация Сиэтл-Такома,США,64,4_handysize (130-180м),2
http://www.wikidata.org/entity/Q426695,New York Shipbuilding,США,165,4_handysize (130-180м),9
http://www.wikidata.org/entity/Q623503,William Beardmore and Company,Великобритания,47,5_handymax (180-200м),5
http://www.wikidata.org/entity/Q1139597,Palmers Shipbuilding and Iron Company,Великобритания,85,3_mini-handy (100-130м),3
http://www.wikidata.org/entity/Q2438322,Tod and MacGregor,Великобритания,9,2_прибрежное (25-100м),3
http://www.wikidata.org/entity/Q2438322,Tod and MacGregor,Великобритания,9,3_mini-handy (100-130м),1
http://www.wikidata.org/entity/Q3505627,Earle's Shipbuilding,Великобритания,59,4_handysize (130-180м),1
http://www.wikidata.org/entity/Q55947781,Havyard Ship Technology,Норвегия,71,2_прибрежное (25-100м),49
http://www.wikidata.org/entity/Q426695,New York Shipbuilding,США,165,5_handymax (180-200м),9
http://www.wikidata.org/entity/Q497860,Hanwha Ocean,Республика Корея,1105,4_handysize (130-180м),28
http://www.wikidata.org/entity/Q648280,Mitsubishi Heavy Industries,Япония,181,2_прибрежное (25-100м),7
http://www.wikidata.org/entity/Q654971,Keppel Verolme,Нидерланды,10,8_vlcc и крупнее (>330м),3
http://www.wikidata.org/entity/Q924701,Бродосплит,Хорватия,107,4_handysize (130-180м),23
http://www.wikidata.org/entity/Q1406235,Ferguson Shipbuilders,Великобритания,65,2_прибрежное (25-100м),42
http://www.wikidata.org/entity/Q1408079,Kockums,Швеция,124,2_прибрежное (25-100м),7
http://www.wikidata.org/entity/Q1774285,Kleven Verft,Норвегия,106,4_handysize (130-180м),20
http://www.wikidata.org/entity/Q2210180,ИХЦ,Нидерланды,61,4_handysize (130-180м),28
http://www.wikidata.org/entity/Q2813947,Uraga Dock Company,Япония,63,4_handysize (130-180м),5
http://www.wikidata.org/entity/Q2868912,Ateliers et Chantiers du Havre,Франция,38,4_handysize (130-180м),15
http://www.wikidata.org/entity/Q2956394,Chantiers Dubigeon,Франция,33,3_mini-handy (100-130м),9
http://www.wikidata.org/entity/Q3460164,STX France,Франция,10,4_handysize (130-180м),1
http://www.wikidata.org/entity/Q4744979,American Ship Building Company,США,78,3_mini-handy (100-130м),2
http://www.wikidata.org/entity/Q7106970,Oskarshamn Shipyard,Швеция,34,1_малое (<25м),1
http://www.wikidata.org/entity/Q8350285,La Naval (Sestao),Испания,30,2_прибрежное (25-100м),2
http://www.wikidata.org/entity/Q11309941,Japan Marine United,Япония,255,2_прибрежное (25-100м),41
http://www.wikidata.org/entity/Q11357146,Mitsubishi Heavy Industries Kobe Shipyard & Machinery Works,Япония,180,2_прибрежное (25-100м),3
http://www.wikidata.org/entity/Q11395932,Hakodate Dock,Япония,178,4_handysize (130-180м),141
http://www.wikidata.org/entity/Q11590668,Tsuneishi Kure Dock,Япония,204,4_handysize (130-180м),134
http://www.wikidata.org/entity/Q11964703,Danish Yacht,Дания,5,1_малое (<25м),5
http://www.wikidata.org/entity/Q11964703,Danish Yacht,Дания,5,2_прибрежное (25-100м),1
http://www.wikidata.org/entity/Q16489077,Astilleros de Sevilla,Испания,7,2_прибрежное (25-100м),1
http://www.wikidata.org/entity/Q20710586,Bay Shipbuilding Company,США,66,3_mini-handy (100-130м),5
http://www.wikidata.org/entity/Q29093553,Bollinger Mississippi Shipbuilding,США,26,4_handysize (130-180м),1
http://www.wikidata.org/entity/Q30687989,Eastern Shipbuilding Group,США,31,2_прибрежное (25-100м),24
http://www.wikidata.org/entity/Q54986759,Astilleros Balenciaga,Испания,43,2_прибрежное (25-100м),42
http://www.wikidata.org/entity/Q56161333,Scheepswerf Pattje,Нидерланды,65,2_прибрежное (25-100м),62
http://www.wikidata.org/entity/Q108941303,Unión Naval Valencia,Испания,47,4_handysize (130-180м),5
http://www.wikidata.org/entity/Q109101856,Nieuwe Noord-Nederlandsche Scheepswerven,Нидерланды,22,2_прибрежное (25-100м),23
http://www.wikidata.org/entity/Q320058,Deutsche Industriewerke,Веймарская республика,7,2_прибрежное (25-100м),7
http://www.wikidata.org/entity/Q323531,Flensburger Schiffbau-Gesellschaft,Германия,150,2_прибрежное (25-100м),8
http://www.wikidata.org/entity/Q688581,Arminius-Werke,Германия,22,2_прибрежное (25-100м),13
http://www.wikidata.org/entity/Q695693,ZPMC,Китай,3,4_handysize (130-180м),4
http://www.wikidata.org/entity/Q763331,August Pahl,Германия,3,2_прибрежное (25-100м),2
http://www.wikidata.org/entity/Q839979,Красное Сормово,Россия,203,7_capesize (295-330м),2
http://www.wikidata.org/entity/Q889816,Bodewes Shipyards,Нидерланды,176,2_прибрежное (25-100м),107
http://www.wikidata.org/entity/Q897756,Heinrich Brand Schiffswerft,Германия,14,2_прибрежное (25-100м),9
http://www.wikidata.org/entity/Q950580,Damen Shipyards Group,Нидерланды,55,4_handysize (130-180м),10
http://www.wikidata.org/entity/Q1432254,Stader Schiffswerft,Германия,10,2_прибрежное (25-100м),9
http://www.wikidata.org/entity/Q1552142,Reiherstieg Schiffswerfte & Maschinenfabrik,Германия,37,4_handysize (130-180м),2
http://www.wikidata.org/entity/Q1720581,Royal Niestern Sander,Нидерланды,71,2_прибрежное (25-100м),38
http://www.wikidata.org/entity/Q1983680,Средне-Невский судостроительный завод,Россия,7,2_прибрежное (25-100м),3
http://www.wikidata.org/entity/Q2079531,Peters Werft,Германия,108,2_прибрежное (25-100м),79
http://www.wikidata.org/entity/Q2175087,Ruhrorter Schiffswerft,Германия,8,2_прибрежное (25-100м),8
http://www.wikidata.org/entity/Q2210180,ИХЦ,Нидерланды,61,2_прибрежное (25-100м),15
http://www.wikidata.org/entity/Q2477530,Ulstein Verft,Норвегия,95,3_mini-handy (100-130м),14
http://www.wikidata.org/entity/Q2634589,Черноморский судостроительный завод,Украина,104,2_прибрежное (25-100м),10
http://www.wikidata.org/entity/Q2638839,Ferus Smit,Нидерланды,179,2_прибрежное (25-100м),82
http://www.wikidata.org/entity/Q3389169,Piriou Group,Франция,17,2_прибрежное (25-100м),17
http://www.wikidata.org/entity/Q4228338,Коломенский завод,Россия,3,6_panamax (200-295м),2
http://www.wikidata.org/entity/Q4686063,Damen Shipyards Galați,Румыния,181,2_прибрежное (25-100м),82
http://www.wikidata.org/entity/Q5208288,Mangalia Shipyard,Румыния,123,2_прибрежное (25-100м),28
http://www.wikidata.org/entity/Q9266563,Remontowa,Польша,63,3_mini-handy (100-130м),17
http://www.wikidata.org/entity/Q9306270,Remontowa Shipbuilding,Польша,39,3_mini-handy (100-130м),17
http://www.wikidata.org/entity/Q18688797,Hollming,Финляндия,34,3_mini-handy (100-130м),14
http://www.wikidata.org/entity/Q20730929,Янтарь (судостроительный завод),Россия,45,4_handysize (130-180м),4
http://www.wikidata.org/entity/Q20730929,Янтарь (судостроительный завод),Россия,45,3_mini-handy (100-130м),12
http://www.wikidata.org/entity/Q52502635,Ørens Mekaniske Værksted,Норвегия,16,2_прибрежное (25-100м),14
http://www.wikidata.org/entity/Q55071917,Amels,Нидерланды,42,2_прибрежное (25-100м),37
http://www.wikidata.org/entity/Q56239675,Damen Shipyards Bergum,Нидерланды,96,2_прибрежное (25-100м),76
http://www.wikidata.org/entity/Q56249339,Tille Scheepsbouw,Нидерланды,47,2_прибрежное (25-100м),36
http://www.wikidata.org/entity/Q60607376,Kötter-Werft,Германия,13,2_прибрежное (25-100м),13
http://www.wikidata.org/entity/Q60619888,Schiffswerft Schlömer,Германия,8,2_прибрежное (25-100м),7
http://www.wikidata.org/entity/Q85718221,Mitsui Tamano Shipyard,Япония,218,2_прибрежное (25-100м),15
http://www.wikidata.org/entity/Q100235343,"Scheepswerf Peters, Kampen",Нидерланды,95,2_прибрежное (25-100м),66
http://www.wikidata.org/entity/Q108744148,"Scheepswerf Gebr. van Diepen, Waterhuizen",Нидерланды,34,2_прибрежное (25-100м),14
http://www.wikidata.org/entity/Q108941303,Unión Naval Valencia,Испания,47,2_прибрежное (25-100м),30
http://www.wikidata.org/entity/Q109461966,Fujian Southeast Shipyard,Китай,120,2_прибрежное (25-100м),116
http://www.wikidata.org/entity/Q118110475,De Biesbosch,Нидерланды,10,2_прибрежное (25-100м),2
http://www.wikidata.org/entity/Q127869050,Scheepswerf Gideon v/h J. Koster Hzn.,Нидерланды,3,3_mini-handy (100-130м),1
http://www.wikidata.org/entity/Q239763,Avondale Shipyards,США,103,3_mini-handy (100-130м),2
http://www.wikidata.org/entity/Q297870,ASMAR,Чили,12,2_прибрежное (25-100м),8
http://www.wikidata.org/entity/Q578212,SLKB Komarno – Slovak Shipyard Komárno,Словакия,191,2_прибрежное (25-100м),161
http://www.wikidata.org/entity/Q657096,Lürssen Werft,Германия,71,2_прибрежное (25-100м),24
http://www.wikidata.org/entity/Q820324,Bergsunds Mekaniska Verkstad,Швеция,22,2_прибрежное (25-100м),8
http://www.wikidata.org/entity/Q1439358,Fosen Yard,Норвегия,50,2_прибрежное (25-100м),17
http://www.wikidata.org/entity/Q1790613,Lürssen-Kröger-Werft,,73,2_прибрежное (25-100м),54
http://www.wikidata.org/entity/Q2594517,Volharding Shipyards,Нидерланды,74,2_прибрежное (25-100м),24
http://www.wikidata.org/entity/Q4538907,Ярославский судостроительный завод,,15,2_прибрежное (25-100м),10
http://www.wikidata.org/entity/Q6350748,Haugesund Mekaniske Verksted,Норвегия,5,3_mini-handy (100-130м),1
http://www.wikidata.org/entity/Q6917118,Motala Verkstad,Швеция,23,2_прибрежное (25-100м),6
http://www.wikidata.org/entity/Q7106970,Oskarshamn Shipyard,Швеция,34,2_прибрежное (25-100м),14
http://www.wikidata.org/entity/Q9306270,Remontowa Shipbuilding,Польша,39,2_прибрежное (25-100м),18
http://www.wikidata.org/entity/Q9350999,Gryfia,Польша,7,2_прибрежное (25-100м),7
http://www.wikidata.org/entity/Q12292689,Русенский судостроительный завод,Болгария,265,2_прибрежное (25-100м),117
http://www.wikidata.org/entity/Q17328871,A. Vuijk & Zonen's Scheepswerven,Нидерланды,20,2_прибрежное (25-100м),12
http://www.wikidata.org/entity/Q19374770,Horten Verft,Норвегия,21,3_mini-handy (100-130м),1
http://www.wikidata.org/entity/Q22266452,Astilleros Armón Vigo,Испания,48,2_прибрежное (25-100м),43
http://www.wikidata.org/entity/Q47109032,Langsten Slip & Båtbyggeri,Норвегия,63,3_mini-handy (100-130м),9
http://www.wikidata.org/entity/Q47109032,Langsten Slip & Båtbyggeri,Норвегия,63,4_handysize (130-180м),7
http://www.wikidata.org/entity/Q52278903,Myklebust Verft,Норвегия,39,2_прибрежное (25-100м),35
http://www.wikidata.org/entity/Q52287703,Søviknes Verft,Норвегия,56,2_прибрежное (25-100м),40
http://www.wikidata.org/entity/Q109478920,E.J. Smit & Zoon's Scheepswerven,Нидерланды,19,2_прибрежное (25-100м),16
http://www.wikidata.org/entity/Q113555582,Scheepswerf Kerstholt,Нидерланды,3,2_прибрежное (25-100м),3
http://www.wikidata.org/entity/Q113571407,Scheepswerf Appingedam v/h A. Apol,Нидерланды,9,2_прибрежное (25-100м),8
http://www.wikidata.org/entity/Q115670336,G.J. van der Werff,Нидерланды,10,2_прибрежное (25-100м),10
http://www.wikidata.org/entity/Q124281878,Scheepswerf Gebroeders van der Werf,Нидерланды,7,2_прибрежное (25-100м),4
http://www.wikidata.org/entity/Q124463215,Scheepswerf Friesland,Нидерланды,7,2_прибрежное (25-100м),7
http://www.wikidata.org/entity/Q124542421,Scheepswerf Hoogezand,Нидерланды,10,2_прибрежное (25-100м),9
http://www.wikidata.org/entity/Q125257676,Th. J. Fikkers,Нидерланды,4,2_прибрежное (25-100м),4
http://www.wikidata.org/entity/Q26881,Хельсингёр,Дания,3,2_прибрежное (25-100м),1
http://www.wikidata.org/entity/Q239763,Avondale Shipyards,США,103,6_panamax (200-295м),29
http://www.wikidata.org/entity/Q248036,Ailsa Shipbuilding Company,Великобритания,48,2_прибрежное (25-100м),14
http://www.wikidata.org/entity/Q290188,Gio. Ansaldo & C.,Италия,74,5_handymax (180-200м),9
http://www.wikidata.org/entity/Q377674,Oderwerke,Польша,15,4_handysize (130-180м),1
http://www.wikidata.org/entity/Q497860,Hanwha Ocean,Республика Корея,1105,8_vlcc и крупнее (>330м),306
http://www.wikidata.org/entity/Q502713,Stabilimento Tecnico Triestino,,55,5_handymax (180-200м),4
http://www.wikidata.org/entity/Q570927,Дональд Маккей,,14,2_прибрежное (25-100м),3
http://www.wikidata.org/entity/Q648280,Mitsubishi Heavy Industries,Япония,181,5_handymax (180-200м),22
http://www.wikidata.org/entity/Q889813,Bodewes Binnenvaart,Нидерланды,22,2_прибрежное (25-100м),19
http://www.wikidata.org/entity/Q962591,JFE Holdings,Япония,5,6_panamax (200-295м),2
http://www.wikidata.org/entity/Q1016699,Бурмейстер и Вайн,Дания,124,4_handysize (130-180м),18
http://www.wikidata.org/entity/Q1153446,Cantieri Riuniti dell'Adriatico,Италия,36,6_panamax (200-295м),14
http://www.wikidata.org/entity/Q1333820,Elsfleth Shipyard,Германия,22,2_прибрежное (25-100м),20
http://www.wikidata.org/entity/Q1393251,Fairfield Shipbuilding and Engineering Company,Великобритания,181,5_handymax (180-200м),8
http://www.wikidata.org/entity/Q1393251,Fairfield Shipbuilding and Engineering Company,Великобритания,181,2_прибрежное (25-100м),7
http://www.wikidata.org/entity/Q1682990,Janssen & Schmilinsky,Германия,9,1_малое (<25м),4
http://www.wikidata.org/entity/Q2082380,Bethlehem Shipbuilding,США,273,4_handysize (130-180м),13
http://www.wikidata.org/entity/Q2205021,Atlas Werke,Германия,8,2_прибрежное (25-100м),3
http://www.wikidata.org/entity/Q2205021,Atlas Werke,Германский рейх,8,2_прибрежное (25-100м),3
http://www.wikidata.org/entity/Q2234114,Schichau Unterweser,Германия,28,4_handysize (130-180м),9
http://www.wikidata.org/entity/Q2463762,Empresa Nacional Bazán,Испания,39,3_mini-handy (100-130м),1
http://www.wikidata.org/entity/Q2790777,Военно-морской арсенал в Йокосуке,Японская империя,55,2_прибрежное (25-100м),1
http://www.wikidata.org/entity/Q3437441,Uddevalla shipyard,Швеция,37,8_vlcc и крупнее (>330м),1
http://www.wikidata.org/entity/Q5221477,Danziger Werft,Вольный город Данциг,6,3_mini-handy (100-130м),2
http://www.wikidata.org/entity/Q6198710,NKK,Япония,184,2_прибрежное (25-100м),11
http://www.wikidata.org/entity/Q7987421,Westermoen Båtbyggeri og Mek Verksted,Норвегия,16,2_прибрежное (25-100м),12
http://www.wikidata.org/entity/Q11158393,Aker Solutions Stord,Норвегия,25,2_прибрежное (25-100м),7
http://www.wikidata.org/entity/Q11794307,Nüscke & Co.,Польша,4,2_прибрежное (25-100м),3
http://www.wikidata.org/entity/Q11794307,Nüscke & Co.,Германия,4,2_прибрежное (25-100м),3
http://www.wikidata.org/entity/Q15054446,Cantiere Navale Triestino,Италия,7,4_handysize (130-180м),2
http://www.wikidata.org/entity/Q48816402,Ramage & Ferguson,Великобритания,21,4_handysize (130-180м),1
http://www.wikidata.org/entity/Q52502053,Fitjar Mekaniske Verksted,Норвегия,17,2_прибрежное (25-100м),17
http://www.wikidata.org/entity/Q102128174,Cockerill-Ougrée,Бельгия,11,3_mini-handy (100-130м),2
http://www.wikidata.org/entity/Q108941303,Unión Naval Valencia,Испания,47,3_mini-handy (100-130м),7
http://www.wikidata.org/entity/Q115264430,Q115264430,Норвегия,8,2_прибрежное (25-100м),8
http://www.wikidata.org/entity/Q124463941,Finnyards,Финляндия,9,3_mini-handy (100-130м),3
http://www.wikidata.org/entity/Q292745,AG Vulcan Stettin,Веймарская республика,195,5_handymax (180-200м),6
http://www.wikidata.org/entity/Q292745,AG Vulcan Stettin,Германская империя,195,5_handymax (180-200м),6
http://www.wikidata.org/entity/Q763052,Vickers-Armstrongs,Великобритания,123,6_panamax (200-295м),18
http://www.wikidata.org/entity/Q763052,Vickers-Armstrongs,Великобритания,123,5_handymax (180-200м),7
http://www.wikidata.org/entity/Q848977,Harland and Wolff,Великобритания,434,3_mini-handy (100-130м),22
http://www.wikidata.org/entity/Q1549757,Scotts Shipbuilding and Engineering Company,Великобритания,79,3_mini-handy (100-130м),14
http://www.wikidata.org/entity/Q1746543,Lithgows,Великобритания,62,4_handysize (130-180м),13
http://www.wikidata.org/entity/Q2297404,3. Maj,Хорватия,126,4_handysize (130-180м),38
http://www.wikidata.org/entity/Q2297404,3. Maj,Австро-Венгрия,126,4_handysize (130-180м),38
http://www.wikidata.org/entity/Q2297404,3. Maj,Югославия,126,4_handysize (130-180м),38
http://www.wikidata.org/entity/Q2578470,William Denny and Brothers,Великобритания,170,4_handysize (130-180м),2
http://www.wikidata.org/entity/Q2578470,William Denny and Brothers,Великобритания,170,1_малое (<25м),1
http://www.wikidata.org/entity/Q3505627,Earle's Shipbuilding,Великобритания,59,3_mini-handy (100-130м),2
http://www.wikidata.org/entity/Q6860129,Millwall Iron Works,Великобритания,8,2_прибрежное (25-100м),3
http://www.wikidata.org/entity/Q21755408,J & G Thomson,,5,2_прибрежное (25-100м),1
http://www.wikidata.org/entity/Q111972124,Arsenal da Marinha,Португалия,49,2_прибрежное (25-100м),45
http://www.wikidata.org/entity/Q530989,Балтийский завод,Россия,109,5_handymax (180-200м),5
http://www.wikidata.org/entity/Q748148,Kawasaki Heavy Industries,Япония,94,6_panamax (200-295м),22
http://www.wikidata.org/entity/Q765925,Chantiers de l'Atlantique,Франция,168,5_handymax (180-200м),21
http://www.wikidata.org/entity/Q1327429,Fincantieri,Италия,270,2_прибрежное (25-100м),20
http://www.wikidata.org/entity/Q1548575,"R. & W. Hawthorn, Leslie and Company",Великобритания,129,3_mini-handy (100-130м),12
http://www.wikidata.org/entity/Q1548690,Военно-морская верфь Филадельфии,США,78,5_handymax (180-200м),1
http://www.wikidata.org/entity/Q1606052,Svendborg Skibsværft,Дания,45,2_прибрежное (25-100м),34
http://www.wikidata.org/entity/Q1653679,IHI Corporation,Япония,87,6_panamax (200-295м),13
http://www.wikidata.org/entity/Q2061530,Swan Hunter,Великобритания,311,6_panamax (200-295м),23
http://www.wikidata.org/entity/Q2790777,Военно-морской арсенал в Йокосуке,Японская империя,55,6_panamax (200-295м),12
http://www.wikidata.org/entity/Q2956394,Chantiers Dubigeon,Франция,33,2_прибрежное (25-100м),3
http://www.wikidata.org/entity/Q3326593,IZAR,Испания,8,5_handymax (180-200м),1
http://www.wikidata.org/entity/Q3432552,Orlogsværftet,Дания,14,2_прибрежное (25-100м),7
http://www.wikidata.org/entity/Q3437441,Uddevalla shipyard,Швеция,37,4_handysize (130-180м),12
http://www.wikidata.org/entity/Q3437865,Bergen Mekaniske Verksted,Норвегия,117,4_handysize (130-180м),30
http://www.wikidata.org/entity/Q4011196,Vickers Shipbuilding and Engineering,Великобритания,31,6_panamax (200-295м),5
http://www.wikidata.org/entity/Q4062699,Судостроительная фирма «Алмаз»,Россия,6,2_прибрежное (25-100м),2
http://www.wikidata.org/entity/Q4916181,"Birely, Hillman & Streaker",,4,2_прибрежное (25-100м),1
http://www.wikidata.org/entity/Q5389052,Eriksbergs Mekaniska Verkstad,Швеция,106,2_прибрежное (25-100м),11
http://www.wikidata.org/entity/Q7705226,Imperial Arsenal,Османская империя,9,2_прибрежное (25-100м),2
http://www.wikidata.org/entity/Q11309941,Japan Marine United,Япония,255,6_panamax (200-295м),71
http://www.wikidata.org/entity/Q11357147,Mitsubishi Heavy Industries Nagasaki Shipyard & Machinery,Япония,163,4_handysize (130-180м),14
http://www.wikidata.org/entity/Q11394144,Naikai Zosen Corporation,Япония,46,1_малое (<25м),1
http://www.wikidata.org/entity/Q11962478,Brødrene Aa,Норвегия,41,2_прибрежное (25-100м),30
http://www.wikidata.org/entity/Q12358532,Aker Finnyards,Финляндия,28,5_handymax (180-200м),8
http://www.wikidata.org/entity/Q17328871,A. Vuijk & Zonen's Scheepswerven,Нидерланды,20,4_handysize (130-180м),7
http://www.wikidata.org/entity/Q22120466,Mitsubishi Heavy Industries Shimonoseki Shipyard & Machinery Works,Япония,28,2_прибрежное (25-100м),7
http://www.wikidata.org/entity/Q47109392,Tangen Verft,Норвегия,22,4_handysize (130-180м),4
http://www.wikidata.org/entity/Q52265373,Trosvik Verksted,Норвегия,88,3_mini-handy (100-130м),14
http://www.wikidata.org/entity/Q108102011,Anadolu Shipyard,Турция,17,3_mini-handy (100-130м),5
http://www.wikidata.org/entity/Q207587,Рошфор,Франция,23,2_прибрежное (25-100м),3
http://www.wikidata.org/entity/Q494839,STX Europe,Норвегия,4,4_handysize (130-180м),2
http://www.wikidata.org/entity/Q689159,Армстронг Уитуорт,Великобритания,143,4_handysize (130-180м),13
http://www.wikidata.org/entity/Q827085,Nobiskrug,Германия,84,3_mini-handy (100-130м),28
http://www.wikidata.org/entity/Q839979,Красное Сормово,Россия,203,3_mini-handy (100-130м),61
http://www.wikidata.org/entity/Q889816,Bodewes Shipyards,Нидерланды,176,3_mini-handy (100-130м),59
http://www.wikidata.org/entity/Q950580,Damen Shipyards Group,Нидерланды,55,2_прибрежное (25-100м),27
http://www.wikidata.org/entity/Q1453164,Frederikshavn Shipyard,Дания,62,2_прибрежное (25-100м),24
http://www.wikidata.org/entity/Q1673509,Rolandwerft,Германия,99,3_mini-handy (100-130м),13
http://www.wikidata.org/entity/Q2234114,Schichau Unterweser,Германия,28,2_прибрежное (25-100м),13
http://www.wikidata.org/entity/Q3655764,Rodriquez Cantieri Navali,Италия,17,3_mini-handy (100-130м),2
http://www.wikidata.org/entity/Q4861094,Barkmeijer Shipyards,Нидерланды,68,2_прибрежное (25-100м),58
http://www.wikidata.org/entity/Q5000378,Burrard Dry Dock,Канада,29,2_прибрежное (25-100м),10
http://www.wikidata.org/entity/Q11309941,Japan Marine United,Япония,255,8_vlcc и крупнее (>330м),40
http://www.wikidata.org/entity/Q11465503,Onomichi Dockyard,Япония,216,5_handymax (180-200м),114
http://www.wikidata.org/entity/Q12740726,Severnav,Румыния,54,3_mini-handy (100-130м),2
http://www.wikidata.org/entity/Q17101117,Austin & Pickersgill,Великобритания,27,2_прибрежное (25-100м),9
http://www.wikidata.org/entity/Q52276032,Hatlø Verksted,Норвегия,46,2_прибрежное (25-100м),38
http://www.wikidata.org/entity/Q52288275,Vard Brattvaag,Норвегия,68,4_handysize (130-180м),5
http://www.wikidata.org/entity/Q55947781,Havyard Ship Technology,Норвегия,71,3_mini-handy (100-130м),19
http://www.wikidata.org/entity/Q56239761,Thecla Bodewes Shipyards,Нидерланды,13,2_прибрежное (25-100м),10
http://www.wikidata.org/entity/Q61770120,Cemre Shipyard,Турция,17,2_прибрежное (25-100м),12
http://www.wikidata.org/entity/Q84569580,Boele's Scheepswerven & Machinefabriek,Нидерланды,10,2_прибрежное (25-100м),5
http://www.wikidata.org/entity/Q109367900,"Scheepswerf Voorwaarts, Hoogezand",Нидерланды,7,2_прибрежное (25-100м),7
http://www.wikidata.org/entity/Q128934855,Bodewes Gruno,Нидерланды,6,2_прибрежное (25-100м),6
http://www.wikidata.org/entity/Q135182495,Scheepswerf Gebr. Coops,Нидерланды,4,2_прибрежное (25-100м),4
http://www.wikidata.org/entity/Q27432,Bethlehem Steel,США,122,4_handysize (130-180м),9
http://www.wikidata.org/entity/Q497860,Hanwha Ocean,Республика Корея,1105,3_mini-handy (100-130м),23
http://www.wikidata.org/entity/Q626585,Верфь Hyundai Mipo,Республика Корея,1481,2_прибрежное (25-100м),9
http://www.wikidata.org/entity/Q626585,Верфь Hyundai Mipo,Республика Корея,1481,3_mini-handy (100-130м),22
http://www.wikidata.org/entity/Q634984,Federal Shipbuilding and Drydock Company,США,193,3_mini-handy (100-130м),5
http://www.wikidata.org/entity/Q950580,Damen Shipyards Group,Нидерланды,55,3_mini-handy (100-130м),5
http://www.wikidata.org/entity/Q1016711,Burmester Werft,Германия,12,2_прибрежное (25-100м),2
http://www.wikidata.org/entity/Q1189406,Nylands mekaniske verksted,Норвегия,304,3_mini-handy (100-130м),3
http://www.wikidata.org/entity/Q1543070,Grangemouth Dockyard Company,Великобритания,15,2_прибрежное (25-100м),8
http://www.wikidata.org/entity/Q1549803,Robert Duncan and Co.,Великобритания,7,3_mini-handy (100-130м),1
http://www.wikidata.org/entity/Q1631703,Howaldtswerke Hamburg,Германия,61,2_прибрежное (25-100м),4
http://www.wikidata.org/entity/Q1631703,Howaldtswerke Hamburg,Германский рейх,61,2_прибрежное (25-100м),4
http://www.wikidata.org/entity/Q1677408,Джейкоб Аарон Вестервельт,,10,2_прибрежное (25-100м),1
http://www.wikidata.org/entity/Q2298785,Van der Giessen de Noord,Нидерланды,81,3_mini-handy (100-130м),12
http://www.wikidata.org/entity/Q2535390,Vulkanwerft,Германия,14,4_handysize (130-180м),3
http://www.wikidata.org/entity/Q2579015,William Gray & Company,Великобритания,43,3_mini-handy (100-130м),6
http://www.wikidata.org/entity/Q2615597,Neafie & Levy,,18,1_малое (<25м),1
http://www.wikidata.org/entity/Q6351825,Kaldnes Mekaniske Verksted,Норвегия,49,3_mini-handy (100-130м),1
http://www.wikidata.org/entity/Q10727553,Öresund shipyard,Швеция,63,2_прибрежное (25-100м),7
http://www.wikidata.org/entity/Q18287543,Cityvarvet,Швеция,21,3_mini-handy (100-130м),4
http://www.wikidata.org/entity/Q56249339,Tille Scheepsbouw,Нидерланды,47,3_mini-handy (100-130м),9
http://www.wikidata.org/entity/Q321221,Neptun Werft,Германия,147,8_vlcc и крупнее (>330м),2
http://www.wikidata.org/entity/Q527466,Bremer Vulkan,Германия,190,6_panamax (200-295м),34
http://www.wikidata.org/entity/Q527466,Bremer Vulkan,Германский рейх,190,6_panamax (200-295м),34
http://www.wikidata.org/entity/Q637673,Wilton-Fijenoord,Нидерланды,30,6_panamax (200-295м),2
http://www.wikidata.org/entity/Q637673,Wilton-Fijenoord,Нидерланды,30,2_прибрежное (25-100м),4
http://www.wikidata.org/entity/Q700418,Howaldtswerke-Deutsche Werft,Германия,262,6_panamax (200-295м),82
http://www.wikidata.org/entity/Q703928,"CSBC Corporation, Taiwan",Китайская Республика (Тайвань),280,2_прибрежное (25-100м),5
http://www.wikidata.org/entity/Q946123,Rotterdamsche Droogdok Maatschappij,Нидерланды,28,3_mini-handy (100-130м),6
http://www.wikidata.org/entity/Q1817824,Uljanik,Хорватия,151,2_прибрежное (25-100м),12
http://www.wikidata.org/entity/Q1817824,Uljanik,Австро-Венгрия,151,2_прибрежное (25-100м),12
http://www.wikidata.org/entity/Q1817824,Uljanik,Югославия,151,2_прибрежное (25-100м),12
http://www.wikidata.org/entity/Q3655776,Q3655776,Италия,56,2_прибрежное (25-100м),6
http://www.wikidata.org/entity/Q30931022,Huangpu Wenchong Shipbuilding,Китай,56,2_прибрежное (25-100м),7
http://www.wikidata.org/entity/Q112567704,Bethlehem Key Highway Shipyard,США,6,2_прибрежное (25-100м),2
http://www.wikidata.org/entity/Q118908044,Verolme Scheepswerf Heusden,Нидерланды,17,3_mini-handy (100-130м),4
http://www.wikidata.org/entity/Q317300,Kaiserliche Werft Wilhelmshaven,Германия,17,6_panamax (200-295м),1
http://www.wikidata.org/entity/Q317300,Kaiserliche Werft Wilhelmshaven,Германская империя,17,6_panamax (200-295м),1
http://www.wikidata.org/entity/Q321253,Kriegsmarinewerft Wilhelmshaven,Германия,10,6_panamax (200-295м),2
http://www.wikidata.org/entity/Q323531,Flensburger Schiffbau-Gesellschaft,Германия,150,4_handysize (130-180м),48
http://www.wikidata.org/entity/Q426695,New York Shipbuilding,США,165,6_panamax (200-295м),5
http://www.wikidata.org/entity/Q530989,Балтийский завод,Россия,109,6_panamax (200-295м),11
http://www.wikidata.org/entity/Q530989,Балтийский завод,Россия,109,4_handysize (130-180м),14
http://www.wikidata.org/entity/Q573094,Заводы Шихау,Пруссия,155,6_panamax (200-295м),3
http://www.wikidata.org/entity/Q573094,Заводы Шихау,Германский рейх,155,6_panamax (200-295м),3
http://www.wikidata.org/entity/Q641314,Deutsche Werke,Германский рейх,20,6_panamax (200-295м),4
http://www.wikidata.org/entity/Q689159,Армстронг Уитуорт,Великобритания,143,6_panamax (200-295м),5
http://www.wikidata.org/entity/Q763386,Brest Arsenal,Франция,44,6_panamax (200-295м),2
http://www.wikidata.org/entity/Q1139597,Palmers Shipbuilding and Iron Company,Великобритания,85,6_panamax (200-295м),1
http://www.wikidata.org/entity/Q1207020,Девонпорт (военно-морская база),Великобритания,103,6_panamax (200-295м),1
http://www.wikidata.org/entity/Q1323171,Fore River Shipyard,США,99,6_panamax (200-295м),12
http://www.wikidata.org/entity/Q1393251,Fairfield Shipbuilding and Engineering Company,Великобритания,181,6_panamax (200-295м),3
http://www.wikidata.org/entity/Q2688386,Военно-морской арсенал Куре,Япония,39,6_panamax (200-295м),10
http://www.wikidata.org/entity/Q3655748,Regio Cantiere di Castellammare di Stabia,Италия,63,4_handysize (130-180м),20
http://www.wikidata.org/entity/Q6379823,Kawasaki Heavy Industries Ship & Offshore Structure Company,Япония,42,6_panamax (200-295м),13
http://www.wikidata.org/entity/Q7330990,Richmond Shipyards,США,23,4_handysize (130-180м),1
http://www.wikidata.org/entity/Q14329180,Lux-Werft und Schifffahrt,Германия,48,1_малое (<25м),4
http://www.wikidata.org/entity/Q15127417,Schiffswerft Hermann Barthel,Германия,4,2_прибрежное (25-100м),3
http://www.wikidata.org/entity/Q15127417,Schiffswerft Hermann Barthel,Германия,4,1_малое (<25м),1
http://www.wikidata.org/entity/Q21192982,Nuovi Cantieri Apuania,Италия,36,5_handymax (180-200м),12
http://www.wikidata.org/entity/Q50335714,Fijenoord,Нидерланды,5,2_прибрежное (25-100м),3
http://www.wikidata.org/entity/Q304148,Österreichische Schiffswerften AG,Австрия,26,3_mini-handy (100-130м),8
http://www.wikidata.org/entity/Q463858,Kaiserliche Werft Kiel,Германская империя,17,4_handysize (130-180м),6
http://www.wikidata.org/entity/Q807945,Barclay Curle,Великобритания,65,8_vlcc и крупнее (>330м),3
http://www.wikidata.org/entity/Q932897,Yarrow Shipbuilders,Великобритания,188,2_прибрежное (25-100м),11
http://www.wikidata.org/entity/Q932897,Yarrow Shipbuilders,Соединённое королевство Великобритании и Ирландии,188,2_прибрежное (25-100м),11
http://www.wikidata.org/entity/Q1342306,Samuda Brothers,Великобритания,25,7_capesize (295-330м),2
http://www.wikidata.org/entity/Q1549757,Scotts Shipbuilding and Engineering Company,Великобритания,79,2_прибрежное (25-100м),9
http://www.wikidata.org/entity/Q1699354,John Blumer and Company,Великобритания,5,2_прибрежное (25-100м),2
http://www.wikidata.org/entity/Q1746543,Lithgows,Великобритания,62,8_vlcc и крупнее (>330м),2
http://www.wikidata.org/entity/Q6104202,J.L. Thompson and Sons,Великобритания,44,2_прибрежное (25-100м),2
http://www.wikidata.org/entity/Q6254386,John Readhead & Sons,Великобритания,8,4_handysize (130-180м),1
http://www.wikidata.org/entity/Q8021298,Уильямстаунская верфь,Австралия,17,3_mini-handy (100-130м),2
http://www.wikidata.org/entity/Q12716462,Laxevaag Maskin & Jernskibsbyggeri,Норвегия,24,2_прибрежное (25-100м),6
http://www.wikidata.org/entity/Q13220673,Виккерс,Великобритания,47,4_handysize (130-180м),8
http://www.wikidata.org/entity/Q15054446,Cantiere Navale Triestino,Италия,7,3_mini-handy (100-130м),2
http://www.wikidata.org/entity/Q85230816,H. Parry & Son,Португалия,3,2_прибрежное (25-100м),3
http://www.wikidata.org/entity/Q1345,Филадельфия,США,3,2_прибрежное (25-100м),1
http://www.wikidata.org/entity/Q527466,Bremer Vulkan,Германия,190,3_mini-handy (100-130м),22
http://www.wikidata.org/entity/Q527466,Bremer Vulkan,Германский рейх,190,3_mini-handy (100-130м),22
http://www.wikidata.org/entity/Q560947,Nordseewerke,Германия,131,4_handysize (130-180м),57
http://www.wikidata.org/entity/Q568913,Штулкен,Германия,33,3_mini-handy (100-130м),9
http://www.wikidata.org/entity/Q568913,Штулкен,Германский рейх,33,3_mini-handy (100-130м),9
http://www.wikidata.org/entity/Q763052,Vickers-Armstrongs,Великобритания,123,3_mini-handy (100-130м),11
http://www.wikidata.org/entity/Q891830,Bombay Dockyard,Индия,33,2_прибрежное (25-100м),1
http://www.wikidata.org/entity/Q932897,Yarrow Shipbuilders,Великобритания,188,3_mini-handy (100-130м),13
http://www.wikidata.org/entity/Q932897,Yarrow Shipbuilders,Великобритания,188,4_handysize (130-180м),10
http://www.wikidata.org/entity/Q932897,Yarrow Shipbuilders,Соединённое королевство Великобритании и Ирландии,188,3_mini-handy (100-130м),13
http://www.wikidata.org/entity/Q932897,Yarrow Shipbuilders,Соединённое королевство Великобритании и Ирландии,188,4_handysize (130-180м),10
http://www.wikidata.org/entity/Q1158347,Damen Schelde Naval Shipbuilding,Нидерланды,60,3_mini-handy (100-130м),6
http://www.wikidata.org/entity/Q1207020,Девонпорт (военно-морская база),Великобритания,103,3_mini-handy (100-130м),1
http://www.wikidata.org/entity/Q1262248,Арсенал,Италия,5,2_прибрежное (25-100м),1
http://www.wikidata.org/entity/Q2506669,VT Group,Великобритания,20,3_mini-handy (100-130м),1
http://www.wikidata.org/entity/Q4128552,Выборгский судостроительный завод,Россия,56,3_mini-handy (100-130м),16
http://www.wikidata.org/entity/Q4219718,Керченский судостроительный завод,Россия,39,3_mini-handy (100-130м),2
http://www.wikidata.org/entity/Q4219718,Керченский судостроительный завод,Украина,39,3_mini-handy (100-130м),2
http://www.wikidata.org/entity/Q4497365,Херсонский судостроительный завод,Украина,82,4_handysize (130-180м),60
http://www.wikidata.org/entity/Q82610,Newport News Shipbuilding,США,221,8_vlcc и крупнее (>330м),21
http://www.wikidata.org/entity/Q396555,Кралевица,Хорватия,4,2_прибрежное (25-100м),4
http://www.wikidata.org/entity/Q1439358,Fosen Yard,Норвегия,50,4_handysize (130-180м),16
http://www.wikidata.org/entity/Q3155843,Italcantieri,Италия,14,4_handysize (130-180м),6
http://www.wikidata.org/entity/Q5575109,Goa Shipyard Limited,Индия,13,2_прибрежное (25-100м),7
http://www.wikidata.org/entity/Q7257522,Huntington Ingalls Industries,США,18,8_vlcc и крупнее (>330м),2
http://www.wikidata.org/entity/Q11875321,Lehtoniemi,Финляндия,5,1_малое (<25м),1
http://www.wikidata.org/entity/Q11957113,Akers mekaniske verksted,Норвегия,93,2_прибрежное (25-100м),13
http://www.wikidata.org/entity/Q16575033,Hijos de J. Barreras,Испания,51,4_handysize (130-180м),32
http://www.wikidata.org/entity/Q21192982,Nuovi Cantieri Apuania,Италия,36,2_прибрежное (25-100м),10
http://www.wikidata.org/entity/Q28569825,Robert Napier and Sons,Великобритания,34,4_handysize (130-180м),2
http://www.wikidata.org/entity/Q47091902,Fevigs Jernskibsbyggeri,Норвегия,14,6_panamax (200-295м),1
http://www.wikidata.org/entity/Q292748,AG Weser,Германия,116,3_mini-handy (100-130м),26
http://www.wikidata.org/entity/Q292748,AG Weser,Германский рейх,116,3_mini-handy (100-130м),26
http://www.wikidata.org/entity/Q316438,Deutsche Werft,Германия,66,4_handysize (130-180м),35
http://www.wikidata.org/entity/Q316438,Deutsche Werft,Нацистская Германия,66,4_handysize (130-180м),35
http://www.wikidata.org/entity/Q316438,Deutsche Werft,Веймарская республика,66,4_handysize (130-180м),35
http://www.wikidata.org/entity/Q316438,Deutsche Werft,Германская империя,66,4_handysize (130-180м),35
http://www.wikidata.org/entity/Q316438,Deutsche Werft,Германский рейх,66,4_handysize (130-180м),35
http://www.wikidata.org/entity/Q320012,Flender Werke,Германия,103,4_handysize (130-180м),35
http://www.wikidata.org/entity/Q320012,Flender Werke,Нацистская Германия,103,4_handysize (130-180м),35
http://www.wikidata.org/entity/Q320012,Flender Werke,Германский рейх,103,4_handysize (130-180м),35
http://www.wikidata.org/entity/Q560947,Nordseewerke,Германия,131,2_прибрежное (25-100м),12
http://www.wikidata.org/entity/Q705377,Meyer Werft,Германия,152,6_panamax (200-295м),37
http://www.wikidata.org/entity/Q1016711,Burmester Werft,Германия,12,1_малое (<25м),7
http://www.wikidata.org/entity/Q1250754,Hitzler Werft,Германия,43,2_прибрежное (25-100м),37
http://www.wikidata.org/entity/Q1524298,STX Finland,Финляндия,39,6_panamax (200-295м),8
http://www.wikidata.org/entity/Q1999049,Norfolk Naval Shipyard,США,55,2_прибрежное (25-100м),1
http://www.wikidata.org/entity/Q2956394,Chantiers Dubigeon,Франция,33,5_handymax (180-200м),2
http://www.wikidata.org/entity/Q3817603,Kvaerner Masa-Yards,Финляндия,45,5_handymax (180-200м),4
http://www.wikidata.org/entity/Q5139314,Cochin Shipyard,Индия,22,2_прибрежное (25-100м),16
http://www.wikidata.org/entity/Q5358613,Eleusis Shipyards,Греция,5,4_handysize (130-180м),2
http://www.wikidata.org/entity/Q7224811,Wärtsilä Marine,,11,4_handysize (130-180м),5
http://www.wikidata.org/entity/Q7226025,Polson Iron Works Limited,Канада,13,4_handysize (130-180м),1
http://www.wikidata.org/entity/Q7988166,Western Pipe and Steel Company,США,56,4_handysize (130-180м),3
http://www.wikidata.org/entity/Q9266563,Remontowa,Польша,63,2_прибрежное (25-100м),41
http://www.wikidata.org/entity/Q12358532,Aker Finnyards,Финляндия,28,7_capesize (295-330м),2
http://www.wikidata.org/entity/Q18160199,Dundee Shipbuilders Company,Соединённое королевство Великобритании и Ирландии,10,2_прибрежное (25-100м),2
http://www.wikidata.org/entity/Q47136413,Lindstøl Skips- & Båtbyggeri,Норвегия,21,1_малое (<25м),4
http://www.wikidata.org/entity/Q105019750,Masa Yards,Финляндия,3,4_handysize (130-180м),2
http://www.wikidata.org/entity/Q105019750,Masa Yards,Финляндия,3,6_panamax (200-295м),1
http://www.wikidata.org/entity/Q641,Венеция,Италия,5,2_прибрежное (25-100м),1
http://www.wikidata.org/entity/Q705377,Meyer Werft,Германия,152,4_handysize (130-180м),27
http://www.wikidata.org/entity/Q765925,Chantiers de l'Atlantique,Франция,168,2_прибрежное (25-100м),4
http://www.wikidata.org/entity/Q884303,Nordic Yards Wismar,Германия,224,4_handysize (130-180м),81
http://www.wikidata.org/entity/Q1227511,Naval Group,Франция,60,4_handysize (130-180м),15
http://www.wikidata.org/entity/Q1585610,Keppel Corporation,Сингапур,6,3_mini-handy (100-130м),3
http://www.wikidata.org/entity/Q2279275,Shipyard De Hoop,Нидерланды,36,4_handysize (130-180м),8
http://www.wikidata.org/entity/Q3460164,STX France,Франция,10,2_прибрежное (25-100м),3
http://www.wikidata.org/entity/Q4783172,El-Mokawloon El-Arab,Египет,11,2_прибрежное (25-100м),11
http://www.wikidata.org/entity/Q5092878,Chesapeake Shipbuilding,США,12,2_прибрежное (25-100м),9
http://www.wikidata.org/entity/Q5092878,Chesapeake Shipbuilding,США,12,7_capesize (295-330м),1
http://www.wikidata.org/entity/Q5147321,Collingwood Shipbuilding,Канада,61,6_panamax (200-295м),21
http://www.wikidata.org/entity/Q5147321,Collingwood Shipbuilding,Канада,61,3_mini-handy (100-130м),4
http://www.wikidata.org/entity/Q18549846,Vard Tulcea,Румыния,71,3_mini-handy (100-130м),8
http://www.wikidata.org/entity/Q20061713,West Sea,Португалия,8,2_прибрежное (25-100м),7
http://www.wikidata.org/entity/Q22671523,Q22671523,Германия,6,2_прибрежное (25-100м),6
http://www.wikidata.org/entity/Q122732470,De Merwede,Нидерланды,10,3_mini-handy (100-130м),6
http://www.wikidata.org/entity/Q127634403,VAHALI,,17,4_handysize (130-180м),15
http://www.wikidata.org/entity/Q131460976,TeamCo Shipyard BV,Нидерланды,12,4_handysize (130-180м),9
http://www.wikidata.org/entity/Q131983362,Q131983362,Бельгия,10,3_mini-handy (100-130м),5
http://www.wikidata.org/entity/Q329553,Elbewerft Boizenburg,ГДР,75,3_mini-handy (100-130м),16
http://www.wikidata.org/entity/Q530989,Балтийский завод,Россия,109,2_прибрежное (25-100м),8
http://www.wikidata.org/entity/Q884303,Nordic Yards Wismar,Германия,224,2_прибрежное (25-100м),18
http://www.wikidata.org/entity/Q889813,Bodewes Binnenvaart,Нидерланды,22,3_mini-handy (100-130м),1
http://www.wikidata.org/entity/Q913741,Incat,Австралия,64,4_handysize (130-180м),3
http://www.wikidata.org/entity/Q1524298,STX Finland,Финляндия,39,2_прибрежное (25-100м),13
http://www.wikidata.org/entity/Q1563326,Ostseestaal,Германия,6,1_малое (<25м),5
http://www.wikidata.org/entity/Q1563326,Ostseestaal,Германия,6,2_прибрежное (25-100м),1
http://www.wikidata.org/entity/Q2210573,Roßlauer Schiffswerft,ГДР,61,3_mini-handy (100-130м),18
http://www.wikidata.org/entity/Q2295400,Smiths Dock Company,Великобритания,53,2_прибрежное (25-100м),6
http://www.wikidata.org/entity/Q2956404,Chantiers de la Loire,Франция,5,3_mini-handy (100-130м),4
http://www.wikidata.org/entity/Q11394144,Naikai Zosen Corporation,Япония,46,5_handymax (180-200м),11
http://www.wikidata.org/entity/Q11890180,Rauma-Repola,Финляндия,61,4_handysize (130-180м),15
http://www.wikidata.org/entity/Q12744193,Oltenita Shipyard,Румыния,174,2_прибрежное (25-100м),22
http://www.wikidata.org/entity/Q15637769,CRIST,Польша,34,2_прибрежное (25-100м),24
http://www.wikidata.org/entity/Q15637769,CRIST,Польша,34,3_mini-handy (100-130м),3
http://www.wikidata.org/entity/Q18688137,Koninklijke Schelde Groep,Нидерланды,3,3_mini-handy (100-130м),2
http://www.wikidata.org/entity/Q20653412,Åsiverken,Швеция,32,2_прибрежное (25-100м),25
http://www.wikidata.org/entity/Q21192982,Nuovi Cantieri Apuania,Италия,36,6_panamax (200-295м),3
http://www.wikidata.org/entity/Q21927194,Meyer Turku,Финляндия,56,6_panamax (200-295м),6
http://www.wikidata.org/entity/Q22120466,Mitsubishi Heavy Industries Shimonoseki Shipyard & Machinery Works,Япония,28,5_handymax (180-200м),7
http://www.wikidata.org/entity/Q52278903,Myklebust Verft,Норвегия,39,3_mini-handy (100-130м),4
http://www.wikidata.org/entity/Q61770120,Cemre Shipyard,Турция,17,3_mini-handy (100-130м),3
http://www.wikidata.org/entity/Q109803205,Holland Shipyards Group,Нидерланды,6,2_прибрежное (25-100м),5
http://www.wikidata.org/entity/Q124485935,Olkiluoto shipyard,Финляндия,3,2_прибрежное (25-100м),3
http://www.wikidata.org/entity/Q300860,Ольборгская судоверфь,Дания,81,3_mini-handy (100-130м),15
http://www.wikidata.org/entity/Q1736541,Гданьская судоверфь,Польша,172,3_mini-handy (100-130м),38
http://www.wikidata.org/entity/Q2742109,Sociedad Española de Construcción Naval,Испания,37,2_прибрежное (25-100м),2
http://www.wikidata.org/entity/Q3817603,Kvaerner Masa-Yards,Финляндия,45,6_panamax (200-295м),26
http://www.wikidata.org/entity/Q4069935,Арсенал в Картахене,Испания,54,2_прибрежное (25-100м),1
http://www.wikidata.org/entity/Q4822844,Austal USA,США,39,2_прибрежное (25-100м),3
http://www.wikidata.org/entity/Q7325319,Richard Dunston,Великобритания,34,2_прибрежное (25-100м),32
http://www.wikidata.org/entity/Q47091902,Fevigs Jernskibsbyggeri,Норвегия,14,2_прибрежное (25-100м),2
http://www.wikidata.org/entity/Q48816402,Ramage & Ferguson,Великобритания,21,2_прибрежное (25-100м),6
http://www.wikidata.org/entity/Q130425493,PT Kim Seah Shipyard Indonesia,Индонезия,5,1_малое (<25м),3
http://www.wikidata.org/entity/Q839974,Северная верфь,Россия,140,2_прибрежное (25-100м),16
http://www.wikidata.org/entity/Q884303,Nordic Yards Wismar,Германия,224,3_mini-handy (100-130м),16
http://www.wikidata.org/entity/Q913741,Incat,Австралия,64,3_mini-handy (100-130м),10
http://www.wikidata.org/entity/Q1516279,Umoe Mandal,Норвегия,18,2_прибрежное (25-100м),12
http://www.wikidata.org/entity/Q1585610,Keppel Corporation,Сингапур,6,2_прибрежное (25-100м),3
http://www.wikidata.org/entity/Q2292711,Адмиралтейские верфи,Россия,85,4_handysize (130-180м),10
http://www.wikidata.org/entity/Q11962478,Brødrene Aa,Норвегия,41,1_малое (<25м),9
http://www.wikidata.org/entity/Q16607020,Щецинская судоверфь имени Адольфа Варского,Польша,248,3_mini-handy (100-130м),14
http://www.wikidata.org/entity/Q20112666,Oma Baatbyggeri,Норвегия,30,2_прибрежное (25-100м),21
http://www.wikidata.org/entity/Q20112666,Oma Baatbyggeri,Норвегия,30,1_малое (<25м),8
http://www.wikidata.org/entity/Q30299580,Båtservice Mandal Verft,Норвегия,18,2_прибрежное (25-100м),17
http://www.wikidata.org/entity/Q44061496,Wight Shipyard,Великобритания,4,2_прибрежное (25-100м),3
http://www.wikidata.org/entity/Q131628529,Austal Philippines,Филиппины,3,3_mini-handy (100-130м),1
http://www.wikidata.org/entity/Q317300,Kaiserliche Werft Wilhelmshaven,Германия,17,4_handysize (130-180м),7
http://www.wikidata.org/entity/Q317300,Kaiserliche Werft Wilhelmshaven,Германская империя,17,4_handysize (130-180м),7
http://www.wikidata.org/entity/Q369524,Ganz Works,Венгрия,9,3_mini-handy (100-130м),1
http://www.wikidata.org/entity/Q882348,Volkswerft,Германия,121,2_прибрежное (25-100м),23
http://www.wikidata.org/entity/Q1393251,Fairfield Shipbuilding and Engineering Company,Великобритания,181,8_vlcc и крупнее (>330м),2
http://www.wikidata.org/entity/Q1676324,Jacobs-Werft,,4,2_прибрежное (25-100м),2
http://www.wikidata.org/entity/Q1699428,John Brown & Company,Великобритания,224,5_handymax (180-200м),18
http://www.wikidata.org/entity/Q1888079,Портсмут,Великобритания,92,4_handysize (130-180м),4
http://www.wikidata.org/entity/Q2567444,Wichhorst-Werft,Германия,3,2_прибрежное (25-100м),4
http://www.wikidata.org/entity/Q2754053,Арсенал флота в Сасэбо,Япония,42,4_handysize (130-180м),9
http://www.wikidata.org/entity/Q3655760,Cantiere navale fratelli Orlando,Италия,32,2_прибрежное (25-100м),1
http://www.wikidata.org/entity/Q11357147,Mitsubishi Heavy Industries Nagasaki Shipyard & Machinery,Япония,163,6_panamax (200-295м),59
http://www.wikidata.org/entity/Q11478590,Судоверфь Кавасаки,Японская империя,20,4_handysize (130-180м),2
http://www.wikidata.org/entity/Q320012,Flender Werke,Германия,103,5_handymax (180-200м),25
http://www.wikidata.org/entity/Q320012,Flender Werke,Нацистская Германия,103,5_handymax (180-200м),25
http://www.wikidata.org/entity/Q320012,Flender Werke,Германский рейх,103,5_handymax (180-200м),25
http://www.wikidata.org/entity/Q489243,Samsung Heavy Industries,Республика Корея,831,4_handysize (130-180м),4
http://www.wikidata.org/entity/Q748148,Kawasaki Heavy Industries,Япония,94,3_mini-handy (100-130м),3
http://www.wikidata.org/entity/Q2634589,Черноморский судостроительный завод,Украина,104,6_panamax (200-295м),10
http://www.wikidata.org/entity/Q2634589,Черноморский судостроительный завод,Украина,104,7_capesize (295-330м),3
http://www.wikidata.org/entity/Q3655767,Cantieri Navali del Tirreno Riuniti,Италия,58,3_mini-handy (100-130м),13
http://www.wikidata.org/entity/Q10543891,Karlskronavarvet,Швеция,96,2_прибрежное (25-100м),12
http://www.wikidata.org/entity/Q10562558,Lindholmen Shipyard,Швеция,40,4_handysize (130-180м),9
http://www.wikidata.org/entity/Q12676301,"Vakarų laivų gamykla, AB",Литва,3,2_прибрежное (25-100м),3
http://www.wikidata.org/entity/Q14927575,Langesund mekaniske verksted,Норвегия,8,3_mini-handy (100-130м),3
http://www.wikidata.org/entity/Q15637769,CRIST,Польша,34,4_handysize (130-180м),9
http://www.wikidata.org/entity/Q19827622,Orskov Yard,Дания,163,2_прибрежное (25-100м),120
http://www.wikidata.org/entity/Q21755408,J & G Thomson,,5,4_handysize (130-180м),1
http://www.wikidata.org/entity/Q290188,Gio. Ansaldo & C.,Италия,74,2_прибрежное (25-100м),11
http://www.wikidata.org/entity/Q292745,AG Vulcan Stettin,Веймарская республика,195,7_capesize (295-330м),1
http://www.wikidata.org/entity/Q292745,AG Vulcan Stettin,Германская империя,195,7_capesize (295-330м),1
http://www.wikidata.org/entity/Q524435,Нью-Йоркская военно-морская верфь,США,90,7_capesize (295-330м),2
http://www.wikidata.org/entity/Q617597,Alexander Stephen and Sons,Великобритания,87,6_panamax (200-295м),1
http://www.wikidata.org/entity/Q12002778,Stavanger Støberi & Dok,Норвегия,75,2_прибрежное (25-100м),5
http://www.wikidata.org/entity/Q839974,Северная верфь,Россия,140,4_handysize (130-180м),11
http://www.wikidata.org/entity/Q894573,Boston Navy Yard,США,143,2_прибрежное (25-100м),2
http://www.wikidata.org/entity/Q3655757,Sestri Ponente shipyard,Италия,10,2_прибрежное (25-100м),1
http://www.wikidata.org/entity/Q7699876,Tenix Defence,,11,3_mini-handy (100-130м),1
http://www.wikidata.org/entity/Q16575033,Hijos de J. Barreras,Испания,51,2_прибрежное (25-100м),6
http://www.wikidata.org/entity/Q97695107,Béliard-Crighton,Бельгия,5,2_прибрежное (25-100м),4
http://www.wikidata.org/entity/Q1227511,Naval Group,Франция,60,3_mini-handy (100-130м),15
http://www.wikidata.org/entity/Q483564,STX Offshore & Shipbuilding,Республика Корея,112,5_handymax (180-200м),37
http://www.wikidata.org/entity/Q626585,Верфь Hyundai Mipo,Республика Корея,1481,5_handymax (180-200м),699
http://www.wikidata.org/entity/Q810783,Bath Iron Works,США,283,4_handysize (130-180м),7
http://www.wikidata.org/entity/Q2082380,Bethlehem Shipbuilding,США,273,5_handymax (180-200м),7
http://www.wikidata.org/entity/Q2082380,Bethlehem Shipbuilding,США,273,6_panamax (200-295м),5
http://www.wikidata.org/entity/Q5208288,Mangalia Shipyard,Румыния,123,6_panamax (200-295м),72
http://www.wikidata.org/entity/Q5613742,CSSC Offshore & Marine Engineering Company,Китай,302,5_handymax (180-200м),174
http://www.wikidata.org/entity/Q11401869,Kitanihon Shipbuilding,Япония,129,4_handysize (130-180м),85
http://www.wikidata.org/entity/Q13220673,Виккерс,Великобритания,47,2_прибрежное (25-100м),1
http://www.wikidata.org/entity/Q16889827,Sekwang,,4,4_handysize (130-180м),2
http://www.wikidata.org/entity/Q17749542,Q17749542,Норвегия,61,3_mini-handy (100-130м),13
http://www.wikidata.org/entity/Q17749542,Q17749542,Норвегия,61,4_handysize (130-180м),4
http://www.wikidata.org/entity/Q19374770,Horten Verft,Норвегия,21,4_handysize (130-180м),5
http://www.wikidata.org/entity/Q29569261,Варненский судостроительный завод,Болгария,103,6_panamax (200-295м),7
http://www.wikidata.org/entity/Q50136501,Aas Mek. Verksted AS,Норвегия,45,2_прибрежное (25-100м),45
http://www.wikidata.org/entity/Q52265373,Trosvik Verksted,Норвегия,88,4_handysize (130-180м),10
http://www.wikidata.org/entity/Q52286492,Sterkoder,Норвегия,38,4_handysize (130-180м),6
http://www.wikidata.org/entity/Q53909604,Qingshan Shipyard,Китай,120,4_handysize (130-180м),67
http://www.wikidata.org/entity/Q56239675,Damen Shipyards Bergum,Нидерланды,96,3_mini-handy (100-130м),15
http://www.wikidata.org/entity/Q56277974,Qiuxin Shipyard,Китай,10,3_mini-handy (100-130м),3
http://www.wikidata.org/entity/Q56605049,AVIC Dingheng Shipbuilding,Китай,47,4_handysize (130-180м),26
http://www.wikidata.org/entity/Q56605049,AVIC Dingheng Shipbuilding,Китай,47,3_mini-handy (100-130м),16
http://www.wikidata.org/entity/Q87594828,Unión Naval de Levante,Испания,25,2_прибрежное (25-100м),7
http://www.wikidata.org/entity/Q106351770,Taizhou Kouan Shipbuilding Co Ltd,Китай,80,4_handysize (130-180м),39
http://www.wikidata.org/entity/Q126907859,Qingdao Heshun Shipyard,Китай,9,2_прибрежное (25-100м),7
http://www.wikidata.org/entity/Q652491,Orenstein & Koppel,Германия,30,2_прибрежное (25-100м),9
http://www.wikidata.org/entity/Q1103714,Clyde Shipbuilding Company,Великобритания,5,2_прибрежное (25-100м),4
http://www.wikidata.org/entity/Q1559702,Götaverken,Швеция,90,2_прибрежное (25-100м),6
http://www.wikidata.org/entity/Q1583714,Hanseatische Werft,Германия,7,3_mini-handy (100-130м),3
http://www.wikidata.org/entity/Q1604557,Elsinore Shipyard and Machine Construction,Дания,59,2_прибрежное (25-100м),10
http://www.wikidata.org/entity/Q2578500,William Doxford & Sons,Великобритания,85,6_panamax (200-295м),6
http://www.wikidata.org/entity/Q2666279,Cassens Werft GmbH,Германия,68,2_прибрежное (25-100м),39
http://www.wikidata.org/entity/Q2868910,Ateliers et Chantiers de la Seine-Maritime,Франция,6,2_прибрежное (25-100м),4
http://www.wikidata.org/entity/Q3719328,ST Engineering,Сингапур,3,4_handysize (130-180м),2
http://www.wikidata.org/entity/Q4050834,Tenix Pty Limited,Австралия,5,2_прибрежное (25-100м),3
http://www.wikidata.org/entity/Q4744979,American Ship Building Company,США,78,8_vlcc и крупнее (>330м),3
http://www.wikidata.org/entity/Q10542877,Kalmar shipyard,Швеция,10,2_прибрежное (25-100м),6
http://www.wikidata.org/entity/Q14927575,Langesund mekaniske verksted,Норвегия,8,2_прибрежное (25-100м),5
http://www.wikidata.org/entity/Q17750722,Bolsønes Verft,Норвегия,14,2_прибрежное (25-100м),11
http://www.wikidata.org/entity/Q17772480,Fiskerstrand Verft,Норвегия,42,2_прибрежное (25-100м),34
http://www.wikidata.org/entity/Q17772480,Fiskerstrand Verft,Норвегия,42,3_mini-handy (100-130м),9
http://www.wikidata.org/entity/Q18343360,Ankerløkken Verft,Норвегия,54,2_прибрежное (25-100м),13
http://www.wikidata.org/entity/Q20552874,Haugesunds Slip,Норвегия,17,2_прибрежное (25-100м),11
http://www.wikidata.org/entity/Q25425169,Trønderverftet,Норвегия,28,2_прибрежное (25-100м),27
http://www.wikidata.org/entity/Q52276452,Hjørungavaag Verksted,Норвегия,16,2_прибрежное (25-100м),13
http://www.wikidata.org/entity/Q52280075,Flekkefjord Slipp & Maskinfabrikk AS,Норвегия,43,2_прибрежное (25-100м),34
http://www.wikidata.org/entity/Q54165966,Drageslipen,Норвегия,8,2_прибрежное (25-100м),8
http://www.wikidata.org/entity/Q110655590,Sölvesborgs varv,Швеция,8,2_прибрежное (25-100м),5
http://www.wikidata.org/entity/Q877321,Pella Sietas,Германия,555,3_mini-handy (100-130м),127
http://www.wikidata.org/entity/Q924701,Бродосплит,Хорватия,107,5_handymax (180-200м),31
http://www.wikidata.org/entity/Q924701,Бродосплит,Хорватия,107,6_panamax (200-295м),26
http://www.wikidata.org/entity/Q1369698,ENVC Shipyard,Португалия,70,4_handysize (130-180м),5
http://www.wikidata.org/entity/Q1548575,"R. & W. Hawthorn, Leslie and Company",Великобритания,129,5_handymax (180-200м),3
http://www.wikidata.org/entity/Q1778277,Odense Steel Shipyard,Дания,188,6_panamax (200-295м),49
http://www.wikidata.org/entity/Q1778277,Odense Steel Shipyard,Дания,188,8_vlcc и крупнее (>330м),60
http://www.wikidata.org/entity/Q1817824,Uljanik,Хорватия,151,4_handysize (130-180м),77
http://www.wikidata.org/entity/Q1817824,Uljanik,Хорватия,151,5_handymax (180-200м),35
http://www.wikidata.org/entity/Q1817824,Uljanik,Австро-Венгрия,151,4_handysize (130-180м),77
http://www.wikidata.org/entity/Q1817824,Uljanik,Австро-Венгрия,151,5_handymax (180-200м),35
http://www.wikidata.org/entity/Q1817824,Uljanik,Югославия,151,4_handysize (130-180м),77
http://www.wikidata.org/entity/Q1817824,Uljanik,Югославия,151,5_handymax (180-200м),35
http://www.wikidata.org/entity/Q2061530,Swan Hunter,Великобритания,311,5_handymax (180-200м),8
http://www.wikidata.org/entity/Q4680167,Constanța Shipyard,Румыния,34,4_handysize (130-180м),16
http://www.wikidata.org/entity/Q5709680,Astilleros Españoles,Испания,12,6_panamax (200-295м),5
http://www.wikidata.org/entity/Q5871699,Kanadevia Corporation,Япония,69,7_capesize (295-330м),2
http://www.wikidata.org/entity/Q6764149,Marine Industries Limited,Канада,34,2_прибрежное (25-100м),7
http://www.wikidata.org/entity/Q7106970,Oskarshamn Shipyard,Швеция,34,4_handysize (130-180м),8
http://www.wikidata.org/entity/Q11382579,Sasebo Heavy Industries,Япония,270,8_vlcc и крупнее (>330м),3
http://www.wikidata.org/entity/Q11481552,Tsuneishi Shipbuilding,Япония,600,6_panamax (200-295м),292
http://www.wikidata.org/entity/Q11972223,Glommen Mekaniske verksted,Норвегия,23,4_handysize (130-180м),4
http://www.wikidata.org/entity/Q12740726,Severnav,Румыния,54,4_handysize (130-180м),7
http://www.wikidata.org/entity/Q13553160,Верфь Китая CSC Jinling Shipyard,Китай,243,4_handysize (130-180м),81
http://www.wikidata.org/entity/Q36878065,České loděnice,Чехия,7,2_прибрежное (25-100м),8
http://www.wikidata.org/entity/Q47109032,Langsten Slip & Båtbyggeri,Норвегия,63,2_прибрежное (25-100м),43
http://www.wikidata.org/entity/Q49961350,Boelwerf Vlaanderen NV,Бельгия,23,4_handysize (130-180м),11
http://www.wikidata.org/entity/Q113516515,Astilleros y Construcciones,Испания,4,3_mini-handy (100-130м),3
http://www.wikidata.org/entity/Q131983362,Q131983362,Бельгия,10,2_прибрежное (25-100м),3
http://www.wikidata.org/entity/Q135243132,Scheepswerf De Vooruitgang,Нидерланды,10,2_прибрежное (25-100м),9
http://www.wikidata.org/entity/Q277630,A&P Group,Великобритания,29,2_прибрежное (25-100м),8
http://www.wikidata.org/entity/Q705377,Meyer Werft,Германия,152,8_vlcc и крупнее (>330м),22
http://www.wikidata.org/entity/Q1888079,Портсмут,Великобритания,92,3_mini-handy (100-130м),6
http://www.wikidata.org/entity/Q2235342,Korneuburg Schiffswerft,Австрия,7,2_прибрежное (25-100м),4
http://www.wikidata.org/entity/Q3460164,STX France,Франция,10,3_mini-handy (100-130м),1
http://www.wikidata.org/entity/Q4686063,Damen Shipyards Galați,Румыния,181,3_mini-handy (100-130м),35
http://www.wikidata.org/entity/Q50942088,Groningen Shipyards B.V.,Нидерланды,21,3_mini-handy (100-130м),1
http://www.wikidata.org/entity/Q112623574,Q112623574,Португалия,3,2_прибрежное (25-100м),3
http://www.wikidata.org/entity/Q118110475,De Biesbosch,Нидерланды,10,3_mini-handy (100-130м),6
http://www.wikidata.org/entity/Q127634403,VAHALI,,17,3_mini-handy (100-130м),1
http://www.wikidata.org/entity/Q131460976,TeamCo Shipyard BV,Нидерланды,12,3_mini-handy (100-130м),2
http://www.wikidata.org/entity/Q81472,Цзяннаньский судостроительный завод,Китай,222,4_handysize (130-180м),51
http://www.wikidata.org/entity/Q489251,HD Hyundai Samho,Республика Корея,586,6_panamax (200-295м),355
http://www.wikidata.org/entity/Q497860,Hanwha Ocean,Республика Корея,1105,7_capesize (295-330м),123
http://www.wikidata.org/entity/Q807945,Barclay Curle,Великобритания,65,6_panamax (200-295м),2
http://www.wikidata.org/entity/Q829911,Nordic Yards Warnemünde,Германия,148,5_handymax (180-200м),9
http://www.wikidata.org/entity/Q1016699,Бурмейстер и Вайн,Дания,124,6_panamax (200-295м),47
http://www.wikidata.org/entity/Q1746543,Lithgows,Великобритания,62,5_handymax (180-200м),2
http://www.wikidata.org/entity/Q1826035,Lindenau Shipyard,Германия,77,4_handysize (130-180м),27
http://www.wikidata.org/entity/Q2638839,Ferus Smit,Нидерланды,179,3_mini-handy (100-130м),74
http://www.wikidata.org/entity/Q2956389,Davie Shipbuilding,Канада,60,4_handysize (130-180м),3
http://www.wikidata.org/entity/Q2956410,Chantiers Navals Français,Франция,12,2_прибрежное (25-100м),4
http://www.wikidata.org/entity/Q4332486,Судостроительный завод «Океан»,Украина,13,6_panamax (200-295м),4
http://www.wikidata.org/entity/Q4744979,American Ship Building Company,США,78,6_panamax (200-295м),5
http://www.wikidata.org/entity/Q4744979,American Ship Building Company,США,78,5_handymax (180-200м),4
http://www.wikidata.org/entity/Q4978195,Stocznia Gdynia,Польша,210,6_panamax (200-295м),58
http://www.wikidata.org/entity/Q6883239,Mitsui Engineering & Shipbuilding,Япония,62,6_panamax (200-295м),15
http://www.wikidata.org/entity/Q6978703,National Steel and Shipbuilding Company,США,79,6_panamax (200-295м),34
http://www.wikidata.org/entity/Q6978703,National Steel and Shipbuilding Company,США,79,5_handymax (180-200м),3
http://www.wikidata.org/entity/Q7060207,Northwest Steel,США,12,4_handysize (130-180м),2
http://www.wikidata.org/entity/Q8207464,Imabari Shipbuilding,Япония,566,5_handymax (180-200м),88
http://www.wikidata.org/entity/Q11309941,Japan Marine United,Япония,255,5_handymax (180-200м),44
http://www.wikidata.org/entity/Q12744193,Oltenita Shipyard,Румыния,174,3_mini-handy (100-130м),72
http://www.wikidata.org/entity/Q16607020,Щецинская судоверфь имени Адольфа Варского,Польша,248,2_прибрежное (25-100м),19
http://www.wikidata.org/entity/Q16607020,Щецинская судоверфь имени Адольфа Варского,Польша,248,4_handysize (130-180м),93
http://www.wikidata.org/entity/Q17083313,Tersan Shipyard,Турция,43,3_mini-handy (100-130м),15
http://www.wikidata.org/entity/Q17217132,Shin Kasado Dockyard,Япония,105,5_handymax (180-200м),66
http://www.wikidata.org/entity/Q29569261,Варненский судостроительный завод,Болгария,103,5_handymax (180-200м),29
http://www.wikidata.org/entity/Q52279283,Nordsøværftet,Дания,42,2_прибрежное (25-100м),40
http://www.wikidata.org/entity/Q56235954,Apatin Shipyard,Сербия,5,2_прибрежное (25-100м),1
http://www.wikidata.org/entity/Q60392782,Chengxi Shipyard,Китай,170,6_panamax (200-295м),27
http://www.wikidata.org/entity/Q61779982,Gisan,Турция,13,3_mini-handy (100-130м),4
http://www.wikidata.org/entity/Q85718221,Mitsui Tamano Shipyard,Япония,218,5_handymax (180-200м),130
http://www.wikidata.org/entity/Q85913512,Imabari Shipbuilding Marugame Headquarters,Япония,336,5_handymax (180-200м),108
http://www.wikidata.org/entity/Q124546881,Juliana Constructora Gijonesa,Испания,5,4_handysize (130-180м),5
http://www.wikidata.org/entity/Q497860,Hanwha Ocean,Республика Корея,1105,6_panamax (200-295м),544
http://www.wikidata.org/entity/Q626585,Верфь Hyundai Mipo,Республика Корея,1481,6_panamax (200-295м),465
http://www.wikidata.org/entity/Q915979,Lockheed Shipbuilding and Construction Company,США,34,5_handymax (180-200м),2
http://www.wikidata.org/entity/Q1540429,Govan Shipbuilders,Великобритания,5,4_handysize (130-180м),4
http://www.wikidata.org/entity/Q1733873,Карлйохансверн,Норвегия,7,2_прибрежное (25-100м),3
http://www.wikidata.org/entity/Q1778277,Odense Steel Shipyard,Дания,188,4_handysize (130-180м),20
http://www.wikidata.org/entity/Q5079045,Charles Hill & Sons,Великобритания,9,2_прибрежное (25-100м),4
http://www.wikidata.org/entity/Q5458598,Fleming and Ferguson,Великобритания,11,2_прибрежное (25-100м),3
http://www.wikidata.org/entity/Q8207464,Imabari Shipbuilding,Япония,566,6_panamax (200-295м),125
http://www.wikidata.org/entity/Q8207464,Imabari Shipbuilding,Япония,566,4_handysize (130-180м),258
http://www.wikidata.org/entity/Q8637936,Guangzhou Wenchong Shipyard,Китай,195,5_handymax (180-200м),35
http://www.wikidata.org/entity/Q11269026,Shimanami Shipyard,Япония,123,4_handysize (130-180м),89
http://www.wikidata.org/entity/Q11415470,Namura Shipbuilding,Япония,273,6_panamax (200-295м),182
http://www.wikidata.org/entity/Q11481552,Tsuneishi Shipbuilding,Япония,600,5_handymax (180-200м),220
http://www.wikidata.org/entity/Q11502552,Shin Kurushima Dockyard,Япония,739,5_handymax (180-200м),182
http://www.wikidata.org/entity/Q11502552,Shin Kurushima Dockyard,Япония,739,3_mini-handy (100-130м),131
http://www.wikidata.org/entity/Q11502553,Shinkurushima Toyohashi Shipbuilding,Япония,180,4_handysize (130-180м),45
http://www.wikidata.org/entity/Q15411288,Hudong-Zhonghua Shipbuilding,Китай,381,6_panamax (200-295м),172
http://www.wikidata.org/entity/Q17773943,Fredrikstad Mekaniske Verksted,Норвегия,47,5_handymax (180-200м),4
http://www.wikidata.org/entity/Q20391268,Alexandria Shipyard,Египет,13,6_panamax (200-295м),1
http://www.wikidata.org/entity/Q56121072,Damen Yichang Shipyard,Китай,43,3_mini-handy (100-130м),14
http://www.wikidata.org/entity/Q58210511,Jiangsu Hantong Ship Heavy Industry,Китай,129,5_handymax (180-200м),92
http://www.wikidata.org/entity/Q60390540,Yangzhou Binjiang Shipbuilding,Китай,201,5_handymax (180-200м),123
http://www.wikidata.org/entity/Q60392782,Chengxi Shipyard,Китай,170,5_handymax (180-200м),112
http://www.wikidata.org/entity/Q60429308,Hashihama Shipbuilding,Япония,11,5_handymax (180-200м),3
http://www.wikidata.org/entity/Q60429308,Hashihama Shipbuilding,Япония,11,6_panamax (200-295м),3
http://www.wikidata.org/entity/Q63381408,Daehan Shipbuilding,Республика Корея,16,6_panamax (200-295м),14
http://www.wikidata.org/entity/Q84419790,Jiangsu Rongsheng Heavy Industries,Китай,40,6_panamax (200-295м),38
http://www.wikidata.org/entity/Q102436595,Mitsui Chiba Shipyard,Япония,18,5_handymax (180-200м),15
http://www.wikidata.org/entity/Q106351770,Taizhou Kouan Shipbuilding Co Ltd,Китай,80,6_panamax (200-295м),9
http://www.wikidata.org/entity/Q115162063,Yangfan Group Co.,Китай,22,1_малое (<25м),1
http://www.wikidata.org/entity/Q115162063,Yangfan Group Co.,Китай,22,4_handysize (130-180м),19
http://www.wikidata.org/entity/Q134413277,Georgi Dimitrov Shipyard,Болгария,8,5_handymax (180-200м),4
http://www.wikidata.org/entity/Q483231,Hyundai Heavy Industries,Республика Корея,1116,5_handymax (180-200м),54
http://www.wikidata.org/entity/Q483564,STX Offshore & Shipbuilding,Республика Корея,112,6_panamax (200-295м),36
http://www.wikidata.org/entity/Q497860,Hanwha Ocean,Республика Корея,1105,5_handymax (180-200м),64
http://www.wikidata.org/entity/Q703928,"CSBC Corporation, Taiwan",Китайская Республика (Тайвань),280,6_panamax (200-295м),158
http://www.wikidata.org/entity/Q1559702,Götaverken,Швеция,90,4_handysize (130-180м),32
http://www.wikidata.org/entity/Q1653679,IHI Corporation,Япония,87,5_handymax (180-200м),6
http://www.wikidata.org/entity/Q4680167,Constanța Shipyard,Румыния,34,7_capesize (295-330м),5
http://www.wikidata.org/entity/Q6198710,NKK,Япония,184,4_handysize (130-180м),35
http://www.wikidata.org/entity/Q11309941,Japan Marine United,Япония,255,7_capesize (295-330м),25
http://www.wikidata.org/entity/Q11357147,Mitsubishi Heavy Industries Nagasaki Shipyard & Machinery,Япония,163,7_capesize (295-330м),14
http://www.wikidata.org/entity/Q11382579,Sasebo Heavy Industries,Япония,270,6_panamax (200-295м),201
http://www.wikidata.org/entity/Q11407898,Minaminippon Shipbuilding,Япония,138,4_handysize (130-180м),50
http://www.wikidata.org/entity/Q11502551,Shin Kurushima Ujina Dock,Япония,5,3_mini-handy (100-130м),3
http://www.wikidata.org/entity/Q16607020,Щецинская судоверфь имени Адольфа Варского,Польша,248,5_handymax (180-200м),76
http://www.wikidata.org/entity/Q17193673,Iwagi Zosen,Япония,155,5_handymax (180-200м),96
http://www.wikidata.org/entity/Q20710586,Bay Shipbuilding Company,США,66,5_handymax (180-200м),7
http://www.wikidata.org/entity/Q29569261,Варненский судостроительный завод,Болгария,103,4_handysize (130-180м),30
http://www.wikidata.org/entity/Q53909604,Qingshan Shipyard,Китай,120,5_handymax (180-200м),42
http://www.wikidata.org/entity/Q60045486,Shanghai Waigaoqiao Shipbuilding,Китай,267,6_panamax (200-295м),166
http://www.wikidata.org/entity/Q60989335,Wuhu Shipyard,Китай,16,4_handysize (130-180м),2
http://www.wikidata.org/entity/Q102128174,Cockerill-Ougrée,Бельгия,11,6_panamax (200-295м),2
http://www.wikidata.org/entity/Q131565008,New Times Shipbuilding,Китай,4,6_panamax (200-295м),5
http://www.wikidata.org/entity/Q81472,Цзяннаньский судостроительный завод,Китай,222,5_handymax (180-200м),18
http://www.wikidata.org/entity/Q489195,Hanjin Heavy Industries,Республика Корея,262,5_handymax (180-200м),16
http://www.wikidata.org/entity/Q748148,Kawasaki Heavy Industries,Япония,94,5_handymax (180-200м),25
http://www.wikidata.org/entity/Q1720581,Royal Niestern Sander,Нидерланды,71,3_mini-handy (100-130м),19
http://www.wikidata.org/entity/Q2578500,William Doxford & Sons,Великобритания,85,5_handymax (180-200м),7
http://www.wikidata.org/entity/Q3200761,Kvaerner Fjellstrand,Норвегия,80,8_vlcc и крупнее (>330м),1
http://www.wikidata.org/entity/Q4650301,ABG Shipyard,Индия,9,4_handysize (130-180м),1
http://www.wikidata.org/entity/Q4978195,Stocznia Gdynia,Польша,210,5_handymax (180-200м),72
http://www.wikidata.org/entity/Q7197204,Reliance Naval and Engineering Limited,,5,6_panamax (200-295м),5
http://www.wikidata.org/entity/Q7231035,Port Weller Dry Docks,Канада,7,6_panamax (200-295м),7
http://www.wikidata.org/entity/Q8637936,Guangzhou Wenchong Shipyard,Китай,195,4_handysize (130-180м),127
http://www.wikidata.org/entity/Q11250929,Sungdong Shipbuilding & Marine Engineering,,227,6_panamax (200-295м),176
http://www.wikidata.org/entity/Q11294418,Kanasashi Heavy Industries,Япония,58,4_handysize (130-180м),26
http://www.wikidata.org/entity/Q11394144,Naikai Zosen Corporation,Япония,46,4_handysize (130-180м),13
http://www.wikidata.org/entity/Q11415470,Namura Shipbuilding,Япония,273,4_handysize (130-180м),39
http://www.wikidata.org/entity/Q11481552,Tsuneishi Shipbuilding,Япония,600,4_handysize (130-180м),46
http://www.wikidata.org/entity/Q13553160,Верфь Китая CSC Jinling Shipyard,Китай,243,5_handymax (180-200м),102
http://www.wikidata.org/entity/Q13553160,Верфь Китая CSC Jinling Shipyard,Китай,243,6_panamax (200-295м),35
http://www.wikidata.org/entity/Q15411288,Hudong-Zhonghua Shipbuilding,Китай,381,5_handymax (180-200м),24
http://www.wikidata.org/entity/Q17190616,I-S Shipyard,Япония,71,4_handysize (130-180м),42
http://www.wikidata.org/entity/Q29093553,Bollinger Mississippi Shipbuilding,США,26,2_прибрежное (25-100м),25
http://www.wikidata.org/entity/Q60045486,Shanghai Waigaoqiao Shipbuilding,Китай,267,7_capesize (295-330м),47
http://www.wikidata.org/entity/Q85913512,Imabari Shipbuilding Marugame Headquarters,Япония,336,6_panamax (200-295м),181
http://www.wikidata.org/entity/Q115155504,"SPP Shipbuilding Co., Ltd.",Республика Корея,190,5_handymax (180-200м),153
http://www.wikidata.org/entity/Q115155504,"SPP Shipbuilding Co., Ltd.",Республика Корея,190,6_panamax (200-295м),26
http://www.wikidata.org/entity/Q128381292,Taizhou Maple Leaf Shipbuilding,Китай,15,4_handysize (130-180м),13
http://www.wikidata.org/entity/Q329553,Elbewerft Boizenburg,ГДР,75,4_handysize (130-180м),1
http://www.wikidata.org/entity/Q1673688,MAN DWE,Германия,6,3_mini-handy (100-130м),3
http://www.wikidata.org/entity/Q932897,Yarrow Shipbuilders,Великобритания,188,6_panamax (200-295м),1
http://www.wikidata.org/entity/Q932897,Yarrow Shipbuilders,Соединённое королевство Великобритании и Ирландии,188,6_panamax (200-295м),1
http://www.wikidata.org/entity/Q1207020,Девонпорт (военно-морская база),Великобритания,103,2_прибрежное (25-100м),8
http://www.wikidata.org/entity/Q1442711,Halifax Shipyard,Канада,25,2_прибрежное (25-100м),14
http://www.wikidata.org/entity/Q5147321,Collingwood Shipbuilding,Канада,61,2_прибрежное (25-100м),4
http://www.wikidata.org/entity/Q10303899,Ishikawajima do Brasil Estaleiros,Бразилия,3,3_mini-handy (100-130м),1
http://www.wikidata.org/entity/Q899122,Mitsui Group,Япония,5,8_vlcc и крупнее (>330м),2
http://www.wikidata.org/entity/Q5095516,Chicago Bridge & Iron Company,Нидерланды,36,3_mini-handy (100-130м),1
http://www.wikidata.org/entity/Q53909604,Qingshan Shipyard,Китай,120,3_mini-handy (100-130м),9
http://www.wikidata.org/entity/Q125206384,Massara Shipyard,Египет,5,2_прибрежное (25-100м),5
http://www.wikidata.org/entity/Q553599,Schichau Seebeck,Германия,111,3_mini-handy (100-130м),9
http://www.wikidata.org/entity/Q809584,Bartram & Sons,Великобритания,20,2_прибрежное (25-100м),2
http://www.wikidata.org/entity/Q839974,Северная верфь,Россия,140,3_mini-handy (100-130м),18
http://www.wikidata.org/entity/Q2292711,Адмиралтейские верфи,Россия,85,6_panamax (200-295м),1
http://www.wikidata.org/entity/Q3655753,Кралевица,Хорватия,20,4_handysize (130-180м),2
http://www.wikidata.org/entity/Q3655753,Кралевица,Хорватия,20,2_прибрежное (25-100м),11
http://www.wikidata.org/entity/Q4804169,Asenav,Чили,22,2_прибрежное (25-100м),21
http://www.wikidata.org/entity/Q10852472,Vard Group,Норвегия,8,2_прибрежное (25-100м),2
http://www.wikidata.org/entity/Q52265373,Trosvik Verksted,Норвегия,88,2_прибрежное (25-100м),63
http://www.wikidata.org/entity/Q54166003,Volda Mekaniske Verksted,Норвегия,3,2_прибрежное (25-100м),3
http://www.wikidata.org/entity/Q55402501,Vard Brăila,Румыния,55,2_прибрежное (25-100м),27
http://www.wikidata.org/entity/Q301348,Aarhus Flydedok,Дания,57,2_прибрежное (25-100м),42
http://www.wikidata.org/entity/Q1032384,Canadian Vickers,Канада,48,6_panamax (200-295м),5
http://www.wikidata.org/entity/Q1826035,Lindenau Shipyard,Германия,77,5_handymax (180-200м),11
http://www.wikidata.org/entity/Q2297404,3. Maj,Хорватия,126,5_handymax (180-200м),33
http://www.wikidata.org/entity/Q2297404,3. Maj,Австро-Венгрия,126,5_handymax (180-200м),33
http://www.wikidata.org/entity/Q2297404,3. Maj,Югославия,126,5_handymax (180-200м),33
http://www.wikidata.org/entity/Q4680167,Constanța Shipyard,Румыния,34,5_handymax (180-200м),10
http://www.wikidata.org/entity/Q5613742,CSSC Offshore & Marine Engineering Company,Китай,302,4_handysize (130-180м),63
http://www.wikidata.org/entity/Q8207463,Asakawa Shipbuilding,Япония,107,4_handysize (130-180м),27
http://www.wikidata.org/entity/Q11382415,Sasaki Shipbuilding,Япония,23,3_mini-handy (100-130м),13
http://www.wikidata.org/entity/Q11592949,Fukuoka Shipbuilding,Япония,141,3_mini-handy (100-130м),58
http://www.wikidata.org/entity/Q11592949,Fukuoka Shipbuilding,Япония,141,4_handysize (130-180м),57
http://www.wikidata.org/entity/Q11613289,Usuki Shipyard,Япония,26,4_handysize (130-180м),19
http://www.wikidata.org/entity/Q27346350,Hyundai Vinashin Shipyard,Вьетнам,78,5_handymax (180-200м),59
http://www.wikidata.org/entity/Q55402501,Vard Brăila,Румыния,55,4_handysize (130-180м),13
http://www.wikidata.org/entity/Q56436442,Scheepswerf Slob,Нидерланды,15,2_прибрежное (25-100м),15
http://www.wikidata.org/entity/Q97178247,Naval Gijón,Испания,15,5_handymax (180-200м),4
http://www.wikidata.org/entity/Q118908044,Verolme Scheepswerf Heusden,Нидерланды,17,2_прибрежное (25-100м),5
http://www.wikidata.org/entity/Q127687084,Zhenjiang Sopo Shipbuilding,Китай,16,2_прибрежное (25-100м),10
http://www.wikidata.org/entity/Q321772,Daewoo,Республика Корея,3,6_panamax (200-295м),1
http://www.wikidata.org/entity/Q1369698,ENVC Shipyard,Португалия,70,2_прибрежное (25-100м),28
http://www.wikidata.org/entity/Q1408079,Kockums,Швеция,124,6_panamax (200-295м),14
http://www.wikidata.org/entity/Q1559702,Götaverken,Швеция,90,6_panamax (200-295м),6
http://www.wikidata.org/entity/Q4219718,Керченский судостроительный завод,Россия,39,7_capesize (295-330м),1
http://www.wikidata.org/entity/Q4219718,Керченский судостроительный завод,Украина,39,7_capesize (295-330м),1
http://www.wikidata.org/entity/Q12292689,Русенский судостроительный завод,Болгария,265,3_mini-handy (100-130м),84
http://www.wikidata.org/entity/Q15273435,Rowhedge Ironworks,Великобритания,4,2_прибрежное (25-100м),1
http://www.wikidata.org/entity/Q16565979,Factorías Vulcano,Испания,25,4_handysize (130-180м),9
http://www.wikidata.org/entity/Q18343360,Ankerløkken Verft,Норвегия,54,5_handymax (180-200м),21
http://www.wikidata.org/entity/Q18549846,Vard Tulcea,Румыния,71,4_handysize (130-180м),20
http://www.wikidata.org/entity/Q53909604,Qingshan Shipyard,Китай,120,2_прибрежное (25-100м),5
http://www.wikidata.org/entity/Q61779982,Gisan,Турция,13,2_прибрежное (25-100м),5
http://www.wikidata.org/entity/Q115162004,Torgem Shipyard,Турция,21,3_mini-handy (100-130м),10
http://www.wikidata.org/entity/Q329553,Elbewerft Boizenburg,ГДР,75,2_прибрежное (25-100м),46
http://www.wikidata.org/entity/Q1408079,Kockums,Швеция,124,4_handysize (130-180м),32
http://www.wikidata.org/entity/Q1631703,Howaldtswerke Hamburg,Германия,61,6_panamax (200-295м),5
http://www.wikidata.org/entity/Q1631703,Howaldtswerke Hamburg,Германский рейх,61,6_panamax (200-295м),5
http://www.wikidata.org/entity/Q2365833,Sun Shipbuilding & Drydock Co.,США,73,6_panamax (200-295м),4
http://www.wikidata.org/entity/Q2365833,Sun Shipbuilding & Drydock Co.,США,73,8_vlcc и крупнее (>330м),1
http://www.wikidata.org/entity/Q5389052,Eriksbergs Mekaniska Verkstad,Швеция,106,6_panamax (200-295м),11
http://www.wikidata.org/entity/Q6449578,Kvaerner Govan,Великобритания,5,5_handymax (180-200м),4
http://www.wikidata.org/entity/Q6914311,Mort's Dock,Австралия,22,3_mini-handy (100-130м),1
http://www.wikidata.org/entity/Q7150076,Paul Curtis,,3,2_прибрежное (25-100м),1
http://www.wikidata.org/entity/Q7603186,State Dockyard,Австралия,7,4_handysize (130-180м),1
http://www.wikidata.org/entity/Q10303899,Ishikawajima do Brasil Estaleiros,Бразилия,3,4_handysize (130-180м),1
http://www.wikidata.org/entity/Q11250929,Sungdong Shipbuilding & Marine Engineering,,227,5_handymax (180-200м),22
http://www.wikidata.org/entity/Q17749542,Q17749542,Норвегия,61,2_прибрежное (25-100м),43
http://www.wikidata.org/entity/Q52278699,Moen Marin,Норвегия,20,2_прибрежное (25-100м),17
http://www.wikidata.org/entity/Q56161578,Sava Shipyard,Сербия,16,2_прибрежное (25-100м),12
http://www.wikidata.org/entity/Q87200290,Düzgit,,3,3_mini-handy (100-130м),1
http://www.wikidata.org/entity/Q81472,Цзяннаньский судостроительный завод,Китай,222,6_panamax (200-295м),102
http://www.wikidata.org/entity/Q765925,Chantiers de l'Atlantique,Франция,168,4_handysize (130-180м),27
http://www.wikidata.org/entity/Q1327429,Fincantieri,Италия,270,7_capesize (295-330м),24
http://www.wikidata.org/entity/Q2297404,3. Maj,Хорватия,126,6_panamax (200-295м),15
http://www.wikidata.org/entity/Q2297404,3. Maj,Австро-Венгрия,126,6_panamax (200-295м),15
http://www.wikidata.org/entity/Q2297404,3. Maj,Югославия,126,6_panamax (200-295м),15
http://www.wikidata.org/entity/Q3523533,Hindustan Shipyard,Индия,13,5_handymax (180-200м),2
http://www.wikidata.org/entity/Q3655748,Regio Cantiere di Castellammare di Stabia,Италия,63,6_panamax (200-295м),13
http://www.wikidata.org/entity/Q3655754,Cantieri Aeronautici e Navali Triestini,Королевство Италия,33,7_capesize (295-330м),2
http://www.wikidata.org/entity/Q5065603,Cestné a Stavebné Mechanizmy Tisovec,Словакия,143,3_mini-handy (100-130м),126
http://www.wikidata.org/entity/Q5389052,Eriksbergs Mekaniska Verkstad,Швеция,106,4_handysize (130-180м),38
http://www.wikidata.org/entity/Q5871699,Kanadevia Corporation,Япония,69,6_panamax (200-295м),7
http://www.wikidata.org/entity/Q6198710,NKK,Япония,184,5_handymax (180-200м),8
http://www.wikidata.org/entity/Q10275472,Estaleiro Mauá,Бразилия,19,6_panamax (200-295м),5
http://www.wikidata.org/entity/Q10303899,Ishikawajima do Brasil Estaleiros,Бразилия,3,6_panamax (200-295м),1
http://www.wikidata.org/entity/Q11282532,IHI Marine United,Япония,234,6_panamax (200-295м),57
http://www.wikidata.org/entity/Q11294418,Kanasashi Heavy Industries,Япония,58,5_handymax (180-200м),4
http://www.wikidata.org/entity/Q11382579,Sasebo Heavy Industries,Япония,270,5_handymax (180-200м),6
http://www.wikidata.org/entity/Q11522869,Murakami Hide Shipbuilding,Япония,126,3_mini-handy (100-130м),51
http://www.wikidata.org/entity/Q18343358,Eqva,Норвегия,15,4_handysize (130-180м),2
http://www.wikidata.org/entity/Q18688797,Hollming,Финляндия,34,2_прибрежное (25-100м),16
http://www.wikidata.org/entity/Q22126509,Hayashi Kanesen,Япония,15,4_handysize (130-180м),8
http://www.wikidata.org/entity/Q31843822,Brodotrogir,Хорватия,20,5_handymax (180-200м),10
http://www.wikidata.org/entity/Q56235954,Apatin Shipyard,Сербия,5,3_mini-handy (100-130м),4
http://www.wikidata.org/entity/Q60429308,Hashihama Shipbuilding,Япония,11,4_handysize (130-180м),6
http://www.wikidata.org/entity/Q82610,Newport News Shipbuilding,США,221,6_panamax (200-295м),18
http://www.wikidata.org/entity/Q239763,Avondale Shipyards,США,103,5_handymax (180-200м),4
http://www.wikidata.org/entity/Q626585,Верфь Hyundai Mipo,Республика Корея,1481,7_capesize (295-330м),23
http://www.wikidata.org/entity/Q765925,Chantiers de l'Atlantique,Франция,168,8_vlcc и крупнее (>330м),29
http://www.wikidata.org/entity/Q1624706,Marinette Marine,США,28,4_handysize (130-180м),1
http://www.wikidata.org/entity/Q1826035,Lindenau Shipyard,Германия,77,3_mini-handy (100-130м),21
http://www.wikidata.org/entity/Q2297404,3. Maj,Хорватия,126,2_прибрежное (25-100м),7
http://www.wikidata.org/entity/Q2297404,3. Maj,Австро-Венгрия,126,2_прибрежное (25-100м),7
http://www.wikidata.org/entity/Q2297404,3. Maj,Югославия,126,2_прибрежное (25-100м),7
http://www.wikidata.org/entity/Q3655754,Cantieri Aeronautici e Navali Triestini,Королевство Италия,33,6_panamax (200-295м),23
http://www.wikidata.org/entity/Q3817603,Kvaerner Masa-Yards,Финляндия,45,4_handysize (130-180м),8
http://www.wikidata.org/entity/Q4497365,Херсонский судостроительный завод,Украина,82,2_прибрежное (25-100м),5
http://www.wikidata.org/entity/Q4810564,Astarsa,Аргентина,7,3_mini-handy (100-130м),1
http://www.wikidata.org/entity/Q6198710,NKK,Япония,184,8_vlcc и крупнее (>330м),9
http://www.wikidata.org/entity/Q6351825,Kaldnes Mekaniske Verksted,Норвегия,49,4_handysize (130-180м),10
http://www.wikidata.org/entity/Q8207463,Asakawa Shipbuilding,Япония,107,3_mini-handy (100-130м),55
http://www.wikidata.org/entity/Q8350285,La Naval (Sestao),Испания,30,5_handymax (180-200м),8
http://www.wikidata.org/entity/Q11282532,IHI Marine United,Япония,234,8_vlcc и крупнее (>330м),66
http://www.wikidata.org/entity/Q11419682,Shikoku Dockyard,Япония,153,4_handysize (130-180м),116
http://www.wikidata.org/entity/Q11465503,Onomichi Dockyard,Япония,216,6_panamax (200-295м),45
http://www.wikidata.org/entity/Q11522869,Murakami Hide Shipbuilding,Япония,126,2_прибрежное (25-100м),58
http://www.wikidata.org/entity/Q18343360,Ankerløkken Verft,Норвегия,54,4_handysize (130-180м),11
http://www.wikidata.org/entity/Q85718221,Mitsui Tamano Shipyard,Япония,218,6_panamax (200-295м),28
http://www.wikidata.org/entity/Q85817257,İÇDAŞ,Турция,6,3_mini-handy (100-130м),1
http://www.wikidata.org/entity/Q104853690,Иранские военно-морские верфи,Иран,4,2_прибрежное (25-100м),2
http://www.wikidata.org/entity/Q114762497,Arsenal Real da Marinha de São Salvador,Бразилия,10,2_прибрежное (25-100м),5
http://www.wikidata.org/entity/Q277630,A&P Group,Великобритания,29,6_panamax (200-295м),1
http://www.wikidata.org/entity/Q317300,Kaiserliche Werft Wilhelmshaven,Германия,17,2_прибрежное (25-100м),5
http://www.wikidata.org/entity/Q317300,Kaiserliche Werft Wilhelmshaven,Германская империя,17,2_прибрежное (25-100м),5
http://www.wikidata.org/entity/Q369524,Ganz Works,Венгрия,9,6_panamax (200-295м),1
http://www.wikidata.org/entity/Q377674,Oderwerke,Польша,15,6_panamax (200-295м),1
http://www.wikidata.org/entity/Q1153446,Cantieri Riuniti dell'Adriatico,Италия,36,8_vlcc и крупнее (>330м),2
http://www.wikidata.org/entity/Q1673509,Rolandwerft,Германия,99,4_handysize (130-180м),51
http://www.wikidata.org/entity/Q1817824,Uljanik,Хорватия,151,8_vlcc и крупнее (>330м),1
http://www.wikidata.org/entity/Q1817824,Uljanik,Австро-Венгрия,151,8_vlcc и крупнее (>330м),1
http://www.wikidata.org/entity/Q1817824,Uljanik,Югославия,151,8_vlcc и крупнее (>330м),1
http://www.wikidata.org/entity/Q1999049,Norfolk Naval Shipyard,США,55,6_panamax (200-295м),6
http://www.wikidata.org/entity/Q2477530,Ulstein Verft,Норвегия,95,2_прибрежное (25-100м),70
http://www.wikidata.org/entity/Q3394955,Astilleros y Talleres del Noroeste,Испания,4,6_panamax (200-295м),3
http://www.wikidata.org/entity/Q4744979,American Ship Building Company,США,78,7_capesize (295-330м),1
http://www.wikidata.org/entity/Q5131143,Clelands Shipbuilding Company,Великобритания,17,2_прибрежное (25-100м),16
http://www.wikidata.org/entity/Q5599444,Great Lakes Engineering Works,США,28,5_handymax (180-200м),4
http://www.wikidata.org/entity/Q5871699,Kanadevia Corporation,Япония,69,5_handymax (180-200м),3
http://www.wikidata.org/entity/Q11309941,Japan Marine United,Япония,255,4_handysize (130-180м),12
http://www.wikidata.org/entity/Q11382579,Sasebo Heavy Industries,Япония,270,3_mini-handy (100-130м),15
http://www.wikidata.org/entity/Q11407898,Minaminippon Shipbuilding,Япония,138,3_mini-handy (100-130м),1
http://www.wikidata.org/entity/Q15054446,Cantiere Navale Triestino,Италия,7,5_handymax (180-200м),3
http://www.wikidata.org/entity/Q15054446,Cantiere Navale Triestino,Италия,7,6_panamax (200-295м),3
http://www.wikidata.org/entity/Q20710586,Bay Shipbuilding Company,США,66,8_vlcc и крупнее (>330м),4
http://www.wikidata.org/entity/Q20710586,Bay Shipbuilding Company,США,66,7_capesize (295-330м),8
http://www.wikidata.org/entity/Q21927194,Meyer Turku,Финляндия,56,5_handymax (180-200м),3
http://www.wikidata.org/entity/Q24887178,Universal Shipbuilding,Япония,74,5_handymax (180-200м),1
http://www.wikidata.org/entity/Q47108746,Brødrene Lothe,Норвегия,15,2_прибрежное (25-100м),15
http://www.wikidata.org/entity/Q85913512,Imabari Shipbuilding Marugame Headquarters,Япония,336,3_mini-handy (100-130м),2
http://www.wikidata.org/entity/Q108744148,"Scheepswerf Gebr. van Diepen, Waterhuizen",Нидерланды,34,3_mini-handy (100-130м),12
http://www.wikidata.org/entity/Q118908044,Verolme Scheepswerf Heusden,Нидерланды,17,4_handysize (130-180м),8
http://www.wikidata.org/entity/Q134077070,C. van der Giessen & Zonen's Scheepswerven,,3,4_handysize (130-180м),2
http://www.wikidata.org/entity/Q483231,Hyundai Heavy Industries,Республика Корея,1116,7_capesize (295-330м),102
http://www.wikidata.org/entity/Q1540429,Govan Shipbuilders,Великобритания,5,2_прибрежное (25-100м),1
http://www.wikidata.org/entity/Q5358613,Eleusis Shipyards,Греция,5,6_panamax (200-295м),2
http://www.wikidata.org/entity/Q17217132,Shin Kasado Dockyard,Япония,105,6_panamax (200-295м),27
http://www.wikidata.org/entity/Q239763,Avondale Shipyards,США,103,4_handysize (130-180м),6
http://www.wikidata.org/entity/Q809584,Bartram & Sons,Великобритания,20,3_mini-handy (100-130м),2
http://www.wikidata.org/entity/Q1774285,Kleven Verft,Норвегия,106,3_mini-handy (100-130м),29
http://www.wikidata.org/entity/Q1817824,Uljanik,Хорватия,151,7_capesize (295-330м),3
http://www.wikidata.org/entity/Q1817824,Uljanik,Австро-Венгрия,151,7_capesize (295-330м),3
http://www.wikidata.org/entity/Q1817824,Uljanik,Югославия,151,7_capesize (295-330м),3
http://www.wikidata.org/entity/Q2499714,Upper Clyde Shipbuilders,Великобритания,7,4_handysize (130-180м),3
http://www.wikidata.org/entity/Q3655748,Regio Cantiere di Castellammare di Stabia,Италия,63,5_handymax (180-200м),4
http://www.wikidata.org/entity/Q5147321,Collingwood Shipbuilding,Канада,61,5_handymax (180-200м),6
http://www.wikidata.org/entity/Q5241717,Davie Yards Incorporated,Канада,11,6_panamax (200-295м),4
http://www.wikidata.org/entity/Q6254386,John Readhead & Sons,Великобритания,8,6_panamax (200-295м),1
http://www.wikidata.org/entity/Q6883239,Mitsui Engineering & Shipbuilding,Япония,62,5_handymax (180-200м),19
http://www.wikidata.org/entity/Q20710586,Bay Shipbuilding Company,США,66,6_panamax (200-295м),8
http://www.wikidata.org/entity/Q83981618,Bijlsma Wartena,Нидерланды,27,3_mini-handy (100-130м),2
http://www.wikidata.org/entity/Q99693171,Marmara Tersanesi,Турция,10,2_прибрежное (25-100м),4
http://www.wikidata.org/entity/Q106366881,Falkenbergs Varv,Швеция,11,4_handysize (130-180м),1
http://www.wikidata.org/entity/Q115162051,Jiangsu Yangzijiang Shipbuilding,Китай,165,3_mini-handy (100-130м),57
http://www.wikidata.org/entity/Q134413277,Georgi Dimitrov Shipyard,Болгария,8,6_panamax (200-295м),1
http://www.wikidata.org/entity/Q2061530,Swan Hunter,Великобритания,311,8_vlcc и крупнее (>330м),3
http://www.wikidata.org/entity/Q2926119,Brooke Marine,Великобритания,11,2_прибрежное (25-100м),5
http://www.wikidata.org/entity/Q60390540,Yangzhou Binjiang Shipbuilding,Китай,201,4_handysize (130-180м),15
http://www.wikidata.org/entity/Q61779982,Gisan,Турция,13,4_handysize (130-180м),4
http://www.wikidata.org/entity/Q839979,Красное Сормово,Россия,203,4_handysize (130-180м),105
http://www.wikidata.org/entity/Q5210936,Dalian Shipbuilding Industry Company,Китай,287,5_handymax (180-200м),57
http://www.wikidata.org/entity/Q104520574,Veka Shipyard Lemmer,Нидерланды,29,3_mini-handy (100-130м),1
http://www.wikidata.org/entity/Q127687084,Zhenjiang Sopo Shipbuilding,Китай,16,3_mini-handy (100-130м),6
http://www.wikidata.org/entity/Q483564,STX Offshore & Shipbuilding,Республика Корея,112,8_vlcc и крупнее (>330м),16
http://www.wikidata.org/entity/Q1322196,Kremer-Werft,Германия,17,2_прибрежное (25-100м),9
http://www.wikidata.org/entity/Q107072485,Jiangsu New Yangzi Shipbuilding,Китай,26,5_handymax (180-200м),7
http://www.wikidata.org/entity/Q641314,Deutsche Werke,Германский рейх,20,3_mini-handy (100-130м),4
http://www.wikidata.org/entity/Q763052,Vickers-Armstrongs,Великобритания,123,2_прибрежное (25-100м),14
http://www.wikidata.org/entity/Q1139597,Palmers Shipbuilding and Iron Company,Великобритания,85,4_handysize (130-180м),2
http://www.wikidata.org/entity/Q1676408,J. Samuel White,Великобритания,85,3_mini-handy (100-130м),12
http://www.wikidata.org/entity/Q1676408,J. Samuel White,Великобритания,85,2_прибрежное (25-100м),12
http://www.wikidata.org/entity/Q117286,COSCO,Китай,7,4_handysize (130-180м),4
http://www.wikidata.org/entity/Q1612886,Hermann Sürken,Германия,35,2_прибрежное (25-100м),27
http://www.wikidata.org/entity/Q6102195,Royal Shipyard of Esteiro,Испания,24,3_mini-handy (100-130м),1
http://www.wikidata.org/entity/Q7418903,Sanoyas Hishino Meisho,Япония,10,5_handymax (180-200м),2
http://www.wikidata.org/entity/Q11484094,Imabari Shipbuilding Hiroshima Shipyard,Япония,262,4_handysize (130-180м),10
http://www.wikidata.org/entity/Q11522869,Murakami Hide Shipbuilding,Япония,126,4_handysize (130-180м),14
http://www.wikidata.org/entity/Q20710586,Bay Shipbuilding Company,США,66,2_прибрежное (25-100м),4
http://www.wikidata.org/entity/Q24860611,Yamanishi Zosen,Япония,23,4_handysize (130-180м),14
http://www.wikidata.org/entity/Q60989335,Wuhu Shipyard,Китай,16,5_handymax (180-200м),2
http://www.wikidata.org/entity/Q115168196,Jiangsu Yangzi Xinfu Shipbuilding,Китай,299,6_panamax (200-295м),171
http://www.wikidata.org/entity/Q115322850,Sakaide Works,Япония,98,8_vlcc и крупнее (>330м),12
http://www.wikidata.org/entity/Q277630,A&P Group,Великобритания,29,4_handysize (130-180м),12
http://www.wikidata.org/entity/Q292748,AG Weser,Германия,116,6_panamax (200-295м),9
http://www.wikidata.org/entity/Q292748,AG Weser,Германский рейх,116,6_panamax (200-295м),9
http://www.wikidata.org/entity/Q621541,Appledore Shipbuilders,Великобритания,48,3_mini-handy (100-130м),8
http://www.wikidata.org/entity/Q1559702,Götaverken,Швеция,90,5_handymax (180-200м),4
http://www.wikidata.org/entity/Q2594517,Volharding Shipyards,Нидерланды,74,4_handysize (130-180м),43
http://www.wikidata.org/entity/Q6379823,Kawasaki Heavy Industries Ship & Offshore Structure Company,Япония,42,5_handymax (180-200м),3
http://www.wikidata.org/entity/Q7676048,Taikoo Dockyard,Китай,5,2_прибрежное (25-100м),1
http://www.wikidata.org/entity/Q8048969,Yantai Raffles Shipyard,Китай,11,4_handysize (130-180м),1
http://www.wikidata.org/entity/Q10318915,Lisnave,Португалия,8,2_прибрежное (25-100м),2
http://www.wikidata.org/entity/Q17217132,Shin Kasado Dockyard,Япония,105,4_handysize (130-180м),5
http://www.wikidata.org/entity/Q17217132,Shin Kasado Dockyard,Япония,105,3_mini-handy (100-130м),4
http://www.wikidata.org/entity/Q60390540,Yangzhou Binjiang Shipbuilding,Китай,201,6_panamax (200-295м),9
http://www.wikidata.org/entity/Q60738807,Cockatoo Island Dockyard,Австралия,11,4_handysize (130-180м),2
http://www.wikidata.org/entity/Q76189317,Ateliers et chantiers de Nantes,Франция,4,3_mini-handy (100-130м),4
http://www.wikidata.org/entity/Q810783,Bath Iron Works,США,283,3_mini-handy (100-130м),4
http://www.wikidata.org/entity/Q1548575,"R. & W. Hawthorn, Leslie and Company",Великобритания,129,6_panamax (200-295м),1
http://www.wikidata.org/entity/Q1653679,IHI Corporation,Япония,87,3_mini-handy (100-130м),1
http://www.wikidata.org/entity/Q5139314,Cochin Shipyard,Индия,22,4_handysize (130-180м),4
http://www.wikidata.org/entity/Q11415470,Namura Shipbuilding,Япония,273,5_handymax (180-200м),20
http://www.wikidata.org/entity/Q11465503,Onomichi Dockyard,Япония,216,4_handysize (130-180м),42
http://www.wikidata.org/entity/Q316438,Deutsche Werft,Германия,66,6_panamax (200-295м),2
http://www.wikidata.org/entity/Q316438,Deutsche Werft,Нацистская Германия,66,6_panamax (200-295м),2
http://www.wikidata.org/entity/Q316438,Deutsche Werft,Веймарская республика,66,6_panamax (200-295м),2
http://www.wikidata.org/entity/Q316438,Deutsche Werft,Германская империя,66,6_panamax (200-295м),2
http://www.wikidata.org/entity/Q316438,Deutsche Werft,Германский рейх,66,6_panamax (200-295м),2
http://www.wikidata.org/entity/Q1408079,Kockums,Швеция,124,5_handymax (180-200м),17
http://www.wikidata.org/entity/Q1524298,STX Finland,Финляндия,39,3_mini-handy (100-130м),7
http://www.wikidata.org/entity/Q1736541,Гданьская судоверфь,Польша,172,4_handysize (130-180м),53
http://www.wikidata.org/entity/Q1790613,Lürssen-Kröger-Werft,,73,3_mini-handy (100-130м),10
http://www.wikidata.org/entity/Q2258010,Boelwerf,Бельгия,21,5_handymax (180-200м),1
http://www.wikidata.org/entity/Q3437441,Uddevalla shipyard,Швеция,37,6_panamax (200-295м),15
http://www.wikidata.org/entity/Q3655744,Cantiere Navale de Poli S.p.A.,Италия,8,3_mini-handy (100-130м),5
http://www.wikidata.org/entity/Q4834515,BAE Systems Australia,Австралия,3,2_прибрежное (25-100м),2
http://www.wikidata.org/entity/Q4898067,Bethlehem Sparrows Point Shipyard,США,38,4_handysize (130-180м),2
http://www.wikidata.org/entity/Q11158393,Aker Solutions Stord,Норвегия,25,6_panamax (200-295м),3
http://www.wikidata.org/entity/Q13553160,Верфь Китая CSC Jinling Shipyard,Китай,243,3_mini-handy (100-130м),18
http://www.wikidata.org/entity/Q483231,Hyundai Heavy Industries,Республика Корея,1116,4_handysize (130-180м),59
http://www.wikidata.org/entity/Q489251,HD Hyundai Samho,Республика Корея,586,5_handymax (180-200м),35
http://www.wikidata.org/entity/Q626585,Верфь Hyundai Mipo,Республика Корея,1481,8_vlcc и крупнее (>330м),44
http://www.wikidata.org/entity/Q1126024,Szczecin Shipyard,Польша,65,5_handymax (180-200м),17
http://www.wikidata.org/entity/Q3655754,Cantieri Aeronautici e Navali Triestini,Королевство Италия,33,4_handysize (130-180м),4
http://www.wikidata.org/entity/Q4069935,Арсенал в Картахене,Испания,54,4_handysize (130-180м),1
http://www.wikidata.org/entity/Q4497365,Херсонский судостроительный завод,Украина,82,5_handymax (180-200м),2
http://www.wikidata.org/entity/Q5522292,Garden Reach Shipbuilders & Engineers,Индия,34,4_handysize (130-180м),1
http://www.wikidata.org/entity/Q11382579,Sasebo Heavy Industries,Япония,270,4_handysize (130-180м),19
http://www.wikidata.org/entity/Q320012,Flender Werke,Германия,103,6_panamax (200-295м),10
http://www.wikidata.org/entity/Q320012,Flender Werke,Нацистская Германия,103,6_panamax (200-295м),10
http://www.wikidata.org/entity/Q320012,Flender Werke,Германский рейх,103,6_panamax (200-295м),10
http://www.wikidata.org/entity/Q730055,Кузница на Рыбальском,Украина,36,2_прибрежное (25-100м),22
http://www.wikidata.org/entity/Q915979,Lockheed Shipbuilding and Construction Company,США,34,3_mini-handy (100-130м),5
http://www.wikidata.org/entity/Q924701,Бродосплит,Хорватия,107,7_capesize (295-330м),2
http://www.wikidata.org/entity/Q1524298,STX Finland,Финляндия,39,4_handysize (130-180м),9
http://www.wikidata.org/entity/Q1999049,Norfolk Naval Shipyard,США,55,3_mini-handy (100-130м),2
http://www.wikidata.org/entity/Q2687837,Майдзуру,Япония,60,3_mini-handy (100-130м),1
http://www.wikidata.org/entity/Q2754053,Арсенал флота в Сасэбо,Япония,42,3_mini-handy (100-130м),4
http://www.wikidata.org/entity/Q2813947,Uraga Dock Company,Япония,63,3_mini-handy (100-130м),8
http://www.wikidata.org/entity/Q3655776,Q3655776,Италия,56,5_handymax (180-200м),28
http://www.wikidata.org/entity/Q6137738,James Lamont & Co,Великобритания,12,1_малое (<25м),1
http://www.wikidata.org/entity/Q6175323,Jeffboat,США,22,2_прибрежное (25-100м),5
http://www.wikidata.org/entity/Q6351825,Kaldnes Mekaniske Verksted,Норвегия,49,2_прибрежное (25-100м),10
http://www.wikidata.org/entity/Q6741882,Malaysia Marine and Heavy Engineering,Малайзия,3,4_handysize (130-180м),2
http://www.wikidata.org/entity/Q7603186,State Dockyard,Австралия,7,3_mini-handy (100-130м),1
http://www.wikidata.org/entity/Q11357147,Mitsubishi Heavy Industries Nagasaki Shipyard & Machinery,Япония,163,3_mini-handy (100-130м),5
http://www.wikidata.org/entity/Q12358532,Aker Finnyards,Финляндия,28,4_handysize (130-180м),5
http://www.wikidata.org/entity/Q16842471,Henry Robb,Великобритания,37,2_прибрежное (25-100м),11
http://www.wikidata.org/entity/Q426695,New York Shipbuilding,США,165,8_vlcc и крупнее (>330м),7
http://www.wikidata.org/entity/Q489195,Hanjin Heavy Industries,Республика Корея,262,4_handysize (130-180м),46
http://www.wikidata.org/entity/Q1475054,Furness Withy,Великобритания,12,2_прибрежное (25-100м),2
http://www.wikidata.org/entity/Q1746543,Lithgows,Великобритания,62,2_прибрежное (25-100м),1
http://www.wikidata.org/entity/Q2579015,William Gray & Company,Великобритания,43,8_vlcc и крупнее (>330м),1
http://www.wikidata.org/entity/Q6104202,J.L. Thompson and Sons,Великобритания,44,3_mini-handy (100-130м),4
http://www.wikidata.org/entity/Q10520540,Helsingborgs Varfs AB,Швеция,5,2_прибрежное (25-100м),4
http://www.wikidata.org/entity/Q15229083,J & W Dudgeon,Великобритания,8,2_прибрежное (25-100м),1
http://www.wikidata.org/entity/Q18688137,Koninklijke Schelde Groep,Нидерланды,3,4_handysize (130-180м),1
http://www.wikidata.org/entity/Q60392782,Chengxi Shipyard,Китай,170,4_handysize (130-180м),16
http://www.wikidata.org/entity/Q197494,Parsons Marine Steam Turbine Company,Великобритания,3,3_mini-handy (100-130м),2
http://www.wikidata.org/entity/Q392113,Astillero Río Santiago,Аргентина,15,4_handysize (130-180м),2
http://www.wikidata.org/entity/Q551401,John I. Thornycroft & Company,Великобритания,115,3_mini-handy (100-130м),12
http://www.wikidata.org/entity/Q617597,Alexander Stephen and Sons,Великобритания,87,2_прибрежное (25-100м),7
http://www.wikidata.org/entity/Q763052,Vickers-Armstrongs,Великобритания,123,7_capesize (295-330м),1
http://www.wikidata.org/entity/Q17190616,I-S Shipyard,Япония,71,5_handymax (180-200м),17
http://www.wikidata.org/entity/Q85913512,Imabari Shipbuilding Marugame Headquarters,Япония,336,4_handysize (130-180м),36
http://www.wikidata.org/entity/Q124420670,Dae Sun Shipbuilding,Республика Корея,4,5_handymax (180-200м),2
http://www.wikidata.org/entity/Q301348,Aarhus Flydedok,Дания,57,3_mini-handy (100-130м),13
http://www.wikidata.org/entity/Q1126024,Szczecin Shipyard,Польша,65,3_mini-handy (100-130м),3
http://www.wikidata.org/entity/Q1369698,ENVC Shipyard,Португалия,70,3_mini-handy (100-130м),33
http://www.wikidata.org/entity/Q4861094,Barkmeijer Shipyards,Нидерланды,68,3_mini-handy (100-130м),4
http://www.wikidata.org/entity/Q5000378,Burrard Dry Dock,Канада,29,4_handysize (130-180м),1
http://www.wikidata.org/entity/Q6137738,James Lamont & Co,Великобритания,12,2_прибрежное (25-100м),7
http://www.wikidata.org/entity/Q7603186,State Dockyard,Австралия,7,2_прибрежное (25-100м),3
http://www.wikidata.org/entity/Q7926851,Victoria Machinery Depot,Канада,22,2_прибрежное (25-100м),5
http://www.wikidata.org/entity/Q7926851,Victoria Machinery Depot,Канада,22,4_handysize (130-180м),2
http://www.wikidata.org/entity/Q7926851,Victoria Machinery Depot,Канада,22,3_mini-handy (100-130м),6
http://www.wikidata.org/entity/Q11535794,Kurinoura Dockyard,Япония,80,2_прибрежное (25-100м),55
http://www.wikidata.org/entity/Q11535794,Kurinoura Dockyard,Япония,80,3_mini-handy (100-130м),19
http://www.wikidata.org/entity/Q11544607,Higaki Shipbuilding,Япония,129,3_mini-handy (100-130м),96
http://www.wikidata.org/entity/Q11590668,Tsuneishi Kure Dock,Япония,204,5_handymax (180-200м),20
http://www.wikidata.org/entity/Q21192982,Nuovi Cantieri Apuania,Италия,36,3_mini-handy (100-130м),5
http://www.wikidata.org/entity/Q52280075,Flekkefjord Slipp & Maskinfabrikk AS,Норвегия,43,3_mini-handy (100-130м),5
http://www.wikidata.org/entity/Q85718221,Mitsui Tamano Shipyard,Япония,218,3_mini-handy (100-130м),6
http://www.wikidata.org/entity/Q104520543,Damen Shipyards Hardinxveld,Нидерланды,56,3_mini-handy (100-130м),3
http://www.wikidata.org/entity/Q551401,John I. Thornycroft & Company,Великобритания,115,1_малое (<25м),3
http://www.wikidata.org/entity/Q846694,William Cramp and Sons,США,149,8_vlcc и крупнее (>330м),7
http://www.wikidata.org/entity/Q1240384,Philip and Son,Великобритания,6,2_прибрежное (25-100м),4
http://www.wikidata.org/entity/Q1808912,Sumitomo Heavy Industries,Япония,165,4_handysize (130-180м),4
http://www.wikidata.org/entity/Q2578470,William Denny and Brothers,Великобритания,170,6_panamax (200-295м),1
http://www.wikidata.org/entity/Q4650301,ABG Shipyard,Индия,9,5_handymax (180-200м),2
http://www.wikidata.org/entity/Q5139443,Cochrane Shipbuilders,Великобритания,23,2_прибрежное (25-100м),20
http://www.wikidata.org/entity/Q5617478,Gulf Craft,Объединённые Арабские Эмираты,4,2_прибрежное (25-100м),4
http://www.wikidata.org/entity/Q5658399,Harlan and Hollingsworth,США,24,6_panamax (200-295м),1
http://www.wikidata.org/entity/Q11282532,IHI Marine United,Япония,234,5_handymax (180-200м),64
http://www.wikidata.org/entity/Q25382955,Irvine’s Shipbuilding & Dry Docks Company,Великобритания,3,3_mini-handy (100-130м),2
http://www.wikidata.org/entity/Q502713,Stabilimento Tecnico Triestino,,55,2_прибрежное (25-100м),6
http://www.wikidata.org/entity/Q551401,John I. Thornycroft & Company,Великобритания,115,7_capesize (295-330м),1
http://www.wikidata.org/entity/Q551401,John I. Thornycroft & Company,Великобритания,115,2_прибрежное (25-100м),14
http://www.wikidata.org/entity/Q763052,Vickers-Armstrongs,Великобритания,123,8_vlcc и крупнее (>330м),2
http://www.wikidata.org/entity/Q1158347,Damen Schelde Naval Shipbuilding,Нидерланды,60,2_прибрежное (25-100м),4
http://www.wikidata.org/entity/Q24887178,Universal Shipbuilding,Япония,74,6_panamax (200-295м),28
http://www.wikidata.org/entity/Q1063973,Charles Connell and Company,Великобритания,43,8_vlcc и крупнее (>330м),1
http://www.wikidata.org/entity/Q1406235,Ferguson Shipbuilders,Великобритания,65,3_mini-handy (100-130м),3
http://www.wikidata.org/entity/Q2956390,Mazagon Dock Shipbuilders,Индия,27,3_mini-handy (100-130м),1
http://www.wikidata.org/entity/Q28721321,Xiamen Shipbuilding Industry,Китай,58,5_handymax (180-200м),32
http://www.wikidata.org/entity/Q115162004,Torgem Shipyard,Турция,21,4_handysize (130-180м),5
http://www.wikidata.org/entity/Q115168196,Jiangsu Yangzi Xinfu Shipbuilding,Китай,299,5_handymax (180-200м),40
http://www.wikidata.org/entity/Q27432,Bethlehem Steel,США,122,6_panamax (200-295м),8
http://www.wikidata.org/entity/Q489195,Hanjin Heavy Industries,Республика Корея,262,6_panamax (200-295м),150
http://www.wikidata.org/entity/Q1325914,Hellenic Shipyards,Греция,4,4_handysize (130-180м),1
http://www.wikidata.org/entity/Q1442711,Halifax Shipyard,Канада,25,1_малое (<25м),1
http://www.wikidata.org/entity/Q9161608,Chantiers et Ateliers Augustin Normand,Франция,11,2_прибрежное (25-100м),2
http://www.wikidata.org/entity/Q18338801,Hakata Shipbuilding,Япония,104,2_прибрежное (25-100м),50
http://www.wikidata.org/entity/Q18338801,Hakata Shipbuilding,Япония,104,3_mini-handy (100-130м),32
http://www.wikidata.org/entity/Q56239675,Damen Shipyards Bergum,Нидерланды,96,4_handysize (130-180м),3
http://www.wikidata.org/entity/Q58210511,Jiangsu Hantong Ship Heavy Industry,Китай,129,6_panamax (200-295м),27
http://www.wikidata.org/entity/Q12193,Брест,Франция,29,2_прибрежное (25-100м),5
http://www.wikidata.org/entity/Q392113,Astillero Río Santiago,Аргентина,15,2_прибрежное (25-100м),1
http://www.wikidata.org/entity/Q657096,Lürssen Werft,Германия,71,4_handysize (130-180м),16
http://www.wikidata.org/entity/Q1715166,Jöhnk Werft,Германия,8,2_прибрежное (25-100м),5
http://www.wikidata.org/entity/Q2463762,Empresa Nacional Bazán,Испания,39,4_handysize (130-180м),1
http://www.wikidata.org/entity/Q5210936,Dalian Shipbuilding Industry Company,Китай,287,6_panamax (200-295м),80
http://www.wikidata.org/entity/Q15411288,Hudong-Zhonghua Shipbuilding,Китай,381,4_handysize (130-180м),66
http://www.wikidata.org/entity/Q30931022,Huangpu Wenchong Shipbuilding,Китай,56,4_handysize (130-180м),16
http://www.wikidata.org/entity/Q56277974,Qiuxin Shipyard,Китай,10,4_handysize (130-180м),1
http://www.wikidata.org/entity/Q115162004,Torgem Shipyard,Турция,21,2_прибрежное (25-100м),7
http://www.wikidata.org/entity/Q483231,Hyundai Heavy Industries,Республика Корея,1116,8_vlcc и крупнее (>330м),270
http://www.wikidata.org/entity/Q2365833,Sun Shipbuilding & Drydock Co.,США,73,5_handymax (180-200м),4
http://www.wikidata.org/entity/Q4680167,Constanța Shipyard,Румыния,34,6_panamax (200-295м),1
http://www.wikidata.org/entity/Q4834525,BAE Systems Marine,Великобритания,3,5_handymax (180-200м),1
http://www.wikidata.org/entity/Q7007381,New England Shipbuilding Corporation,США,14,3_mini-handy (100-130м),1
http://www.wikidata.org/entity/Q14683274,Marinship,США,32,4_handysize (130-180м),13
http://www.wikidata.org/entity/Q11395932,Hakodate Dock,Япония,178,5_handymax (180-200м),13
http://www.wikidata.org/entity/Q1467758,Todd Pacific Shipyards,США,127,3_mini-handy (100-130м),1
http://www.wikidata.org/entity/Q1559702,Götaverken,Швеция,90,8_vlcc и крупнее (>330м),2
http://www.wikidata.org/entity/Q2814406,Fujinagata Shipyards,Япония,33,3_mini-handy (100-130м),2
http://www.wikidata.org/entity/Q6978703,National Steel and Shipbuilding Company,США,79,2_прибрежное (25-100м),2
http://www.wikidata.org/entity/Q21927194,Meyer Turku,Финляндия,56,2_прибрежное (25-100м),23
http://www.wikidata.org/entity/Q106351770,Taizhou Kouan Shipbuilding Co Ltd,Китай,80,5_handymax (180-200м),29
http://www.wikidata.org/entity/Q848977,Harland and Wolff,Великобритания,434,8_vlcc и крупнее (>330м),3
http://www.wikidata.org/entity/Q1193195,Ingalls Shipbuilding,США,216,6_panamax (200-295м),9
http://www.wikidata.org/entity/Q1624706,Marinette Marine,США,28,6_panamax (200-295м),1
http://www.wikidata.org/entity/Q4219718,Керченский судостроительный завод,Россия,39,2_прибрежное (25-100м),18
http://www.wikidata.org/entity/Q4219718,Керченский судостроительный завод,Украина,39,2_прибрежное (25-100м),18
http://www.wikidata.org/entity/Q4816484,Atlantic Marine,США,5,4_handysize (130-180м),2
http://www.wikidata.org/entity/Q4834532,BAE Systems Southeast Shipyards,США,6,2_прибрежное (25-100м),8
http://www.wikidata.org/entity/Q4866203,Basalt Rock Company,США,25,6_panamax (200-295м),1
http://www.wikidata.org/entity/Q5251665,Defoe Shipbuilding Company,США,67,6_panamax (200-295м),1
http://www.wikidata.org/entity/Q5251665,Defoe Shipbuilding Company,США,67,3_mini-handy (100-130м),1
http://www.wikidata.org/entity/Q6104227,J.M. Martinac Shipbuilding Corp.,,10,4_handysize (130-180м),1
http://www.wikidata.org/entity/Q8207463,Asakawa Shipbuilding,Япония,107,2_прибрежное (25-100м),26
http://www.wikidata.org/entity/Q8207464,Imabari Shipbuilding,Япония,566,2_прибрежное (25-100м),14
http://www.wikidata.org/entity/Q10275472,Estaleiro Mauá,Бразилия,19,4_handysize (130-180м),11
http://www.wikidata.org/entity/Q11269026,Shimanami Shipyard,Япония,123,5_handymax (180-200м),1
http://www.wikidata.org/entity/Q16999013,Lake Union Dry Dock Company,США,4,4_handysize (130-180м),2
http://www.wikidata.org/entity/Q17334709,Rauma shipyard,Финляндия,10,3_mini-handy (100-130м),5
http://www.wikidata.org/entity/Q17334709,Rauma shipyard,Финляндия,10,2_прибрежное (25-100м),3
http://www.wikidata.org/entity/Q104879512,Richards Shipbuilders,Великобритания,7,2_прибрежное (25-100м),6
http://www.wikidata.org/entity/Q111892206,Dakota Creek Industries,США,7,2_прибрежное (25-100м),9
http://www.wikidata.org/entity/Q113462651,Honda Heavy Industries,Япония,73,3_mini-handy (100-130м),28
http://www.wikidata.org/entity/Q115322850,Sakaide Works,Япония,98,7_capesize (295-330м),13
http://www.wikidata.org/entity/Q124423258,China Merchants Jinling Shipyard (Weihai),Китай,8,5_handymax (180-200м),5
http://www.wikidata.org/entity/Q5921291,China Shipping Group,Китай,3,5_handymax (180-200м),1
http://www.wikidata.org/entity/Q8207464,Imabari Shipbuilding,Япония,566,7_capesize (295-330м),9
http://www.wikidata.org/entity/Q11502553,Shinkurushima Toyohashi Shipbuilding,Япония,180,6_panamax (200-295м),33
http://www.wikidata.org/entity/Q11535794,Kurinoura Dockyard,Япония,80,4_handysize (130-180м),5
http://www.wikidata.org/entity/Q102436595,Mitsui Chiba Shipyard,Япония,18,4_handysize (130-180м),1
http://www.wikidata.org/entity/Q1453164,Frederikshavn Shipyard,Дания,62,3_mini-handy (100-130м),5
http://www.wikidata.org/entity/Q3437441,Uddevalla shipyard,Швеция,37,7_capesize (295-330м),2
http://www.wikidata.org/entity/Q11401869,Kitanihon Shipbuilding,Япония,129,3_mini-handy (100-130м),25
http://www.wikidata.org/entity/Q11982099,Kristiansands Mek. Verksted,Норвегия,22,2_прибрежное (25-100м),5
http://www.wikidata.org/entity/Q248036,Ailsa Shipbuilding Company,Великобритания,48,3_mini-handy (100-130м),3
http://www.wikidata.org/entity/Q378849,Navantia,Испания,38,2_прибрежное (25-100м),3
http://www.wikidata.org/entity/Q489243,Samsung Heavy Industries,Республика Корея,831,5_handymax (180-200м),17
http://www.wikidata.org/entity/Q1408079,Kockums,Швеция,124,8_vlcc и крупнее (>330м),7
http://www.wikidata.org/entity/Q2235355,Henry Koch shipyard,Германия,3,3_mini-handy (100-130м),1
http://www.wikidata.org/entity/Q4810564,Astarsa,Аргентина,7,4_handysize (130-180м),2
http://www.wikidata.org/entity/Q6883239,Mitsui Engineering & Shipbuilding,Япония,62,4_handysize (130-180м),8
http://www.wikidata.org/entity/Q8350285,La Naval (Sestao),Испания,30,6_panamax (200-295м),11
http://www.wikidata.org/entity/Q11282532,IHI Marine United,Япония,234,7_capesize (295-330м),17
http://www.wikidata.org/entity/Q11357146,Mitsubishi Heavy Industries Kobe Shipyard & Machinery Works,Япония,180,4_handysize (130-180м),34
http://www.wikidata.org/entity/Q11357146,Mitsubishi Heavy Industries Kobe Shipyard & Machinery Works,Япония,180,6_panamax (200-295м),74
http://www.wikidata.org/entity/Q11382579,Sasebo Heavy Industries,Япония,270,7_capesize (295-330м),6
http://www.wikidata.org/entity/Q11502551,Shin Kurushima Ujina Dock,Япония,5,2_прибрежное (25-100м),1
http://www.wikidata.org/entity/Q11972223,Glommen Mekaniske verksted,Норвегия,23,3_mini-handy (100-130м),2
http://www.wikidata.org/entity/Q31843822,Brodotrogir,Хорватия,20,4_handysize (130-180м),7
http://www.wikidata.org/entity/Q43082510,Sandvikens Skeppsdocka och Mekaniska Verkstad,Финляндия,6,2_прибрежное (25-100м),2
http://www.wikidata.org/entity/Q43082510,Sandvikens Skeppsdocka och Mekaniska Verkstad,Российская империя,6,2_прибрежное (25-100м),2
http://www.wikidata.org/entity/Q47109392,Tangen Verft,Норвегия,22,2_прибрежное (25-100м),11
http://www.wikidata.org/entity/Q55956844,Vaagen Verft,Норвегия,6,4_handysize (130-180м),1
http://www.wikidata.org/entity/Q915979,Lockheed Shipbuilding and Construction Company,США,34,2_прибрежное (25-100м),3
http://www.wikidata.org/entity/Q1467758,Todd Pacific Shipyards,США,127,2_прибрежное (25-100м),5
http://www.wikidata.org/entity/Q2262344,Seaspan Marine Corporation,,5,3_mini-handy (100-130м),1
http://www.wikidata.org/entity/Q4122988,Волгоградский судостроительный завод,Россия,67,2_прибрежное (25-100м),29
http://www.wikidata.org/entity/Q5348781,Eide Marine Services,Норвегия,7,2_прибрежное (25-100м),5
http://www.wikidata.org/entity/Q6802713,McTay Marine,,10,2_прибрежное (25-100м),8
http://www.wikidata.org/entity/Q11502552,Shin Kurushima Dockyard,Япония,739,2_прибрежное (25-100м),75
http://www.wikidata.org/entity/Q11544607,Higaki Shipbuilding,Япония,129,2_прибрежное (25-100м),31
http://www.wikidata.org/entity/Q11592949,Fukuoka Shipbuilding,Япония,141,2_прибрежное (25-100м),18
http://www.wikidata.org/entity/Q12292689,Русенский судостроительный завод,Болгария,265,4_handysize (130-180м),55
http://www.wikidata.org/entity/Q12358532,Aker Finnyards,Финляндия,28,3_mini-handy (100-130м),3
http://www.wikidata.org/entity/Q748148,Kawasaki Heavy Industries,Япония,94,2_прибрежное (25-100м),12
http://www.wikidata.org/entity/Q809584,Bartram & Sons,Великобритания,20,4_handysize (130-180м),7
http://www.wikidata.org/entity/Q1475054,Furness Withy,Великобритания,12,4_handysize (130-180м),3
http://www.wikidata.org/entity/Q1736541,Гданьская судоверфь,Польша,172,6_panamax (200-295м),16
http://www.wikidata.org/entity/Q1808912,Sumitomo Heavy Industries,Япония,165,3_mini-handy (100-130м),1
http://www.wikidata.org/entity/Q1808912,Sumitomo Heavy Industries,Япония,165,5_handymax (180-200м),9
http://www.wikidata.org/entity/Q4011196,Vickers Shipbuilding and Engineering,Великобритания,31,5_handymax (180-200м),1
http://www.wikidata.org/entity/Q4045482,Northrop Grumman Ship Systems,США,14,6_panamax (200-295м),5
http://www.wikidata.org/entity/Q11407898,Minaminippon Shipbuilding,Япония,138,6_panamax (200-295м),17
http://www.wikidata.org/entity/Q11478590,Судоверфь Кавасаки,Японская империя,20,2_прибрежное (25-100м),1
http://www.wikidata.org/entity/Q11502552,Shin Kurushima Dockyard,Япония,739,6_panamax (200-295м),16
http://www.wikidata.org/entity/Q11502553,Shinkurushima Toyohashi Shipbuilding,Япония,180,5_handymax (180-200м),95
http://www.wikidata.org/entity/Q52288275,Vard Brattvaag,Норвегия,68,3_mini-handy (100-130м),9
http://www.wikidata.org/entity/Q118641169,Frisian Shipyard Welgelegen,Нидерланды,5,3_mini-handy (100-130м),2
http://www.wikidata.org/entity/Q134397568,Cleveland Ship Building Company,США,6,8_vlcc и крупнее (>330м),3
http://www.wikidata.org/entity/Q290188,Gio. Ansaldo & C.,Италия,74,3_mini-handy (100-130м),4
http://www.wikidata.org/entity/Q489243,Samsung Heavy Industries,Республика Корея,831,8_vlcc и крупнее (>330м),197
http://www.wikidata.org/entity/Q3655739,Cantiere Pattison,,4,2_прибрежное (25-100м),3
http://www.wikidata.org/entity/Q3655770,Cantieri del Mediterraneo,Италия,4,2_прибрежное (25-100м),1
http://www.wikidata.org/entity/Q3880846,Odero-Terni-Orlando,Италия,23,3_mini-handy (100-130м),14
http://www.wikidata.org/entity/Q11466212,Yamanaka Shipbuilding,Япония,73,2_прибрежное (25-100м),72
http://www.wikidata.org/entity/Q634984,Federal Shipbuilding and Drydock Company,США,193,8_vlcc и крупнее (>330м),1
http://www.wikidata.org/entity/Q1193195,Ingalls Shipbuilding,США,216,8_vlcc и крупнее (>330м),3
http://www.wikidata.org/entity/Q2687837,Майдзуру,Япония,60,4_handysize (130-180м),1
http://www.wikidata.org/entity/Q6379823,Kawasaki Heavy Industries Ship & Offshore Structure Company,Япония,42,3_mini-handy (100-130м),1
http://www.wikidata.org/entity/Q323531,Flensburger Schiffbau-Gesellschaft,Германия,150,6_panamax (200-295м),32
http://www.wikidata.org/entity/Q2298785,Van der Giessen de Noord,Нидерланды,81,6_panamax (200-295м),3
http://www.wikidata.org/entity/Q4751314,Ananda Shipyard and Shipways,Бангладеш,3,2_прибрежное (25-100м),3
http://www.wikidata.org/entity/Q6367782,Karachi Shipyard,Пакистан,4,4_handysize (130-180м),2
http://www.wikidata.org/entity/Q11269026,Shimanami Shipyard,Япония,123,3_mini-handy (100-130м),12
http://www.wikidata.org/entity/Q113462651,Honda Heavy Industries,Япония,73,2_прибрежное (25-100м),37
http://www.wikidata.org/entity/Q2549572,Warnowwerft Warnemünde,ГДР,34,5_handymax (180-200м),1
http://www.wikidata.org/entity/Q115162063,Yangfan Group Co.,Китай,22,5_handymax (180-200м),1
http://www.wikidata.org/entity/Q114403355,Daehan Shipbuilding,Республика Корея,50,6_panamax (200-295м),40
http://www.wikidata.org/entity/Q115573248,Koninklijke Maatschappij De Schelde,Нидерланды,11,4_handysize (130-180м),8
http://www.wikidata.org/entity/Q116689843,North American Shipbuilding,США,71,2_прибрежное (25-100м),83
http://www.wikidata.org/entity/Q11357146,Mitsubishi Heavy Industries Kobe Shipyard & Machinery Works,Япония,180,5_handymax (180-200м),14
http://www.wikidata.org/entity/Q11481552,Tsuneishi Shipbuilding,Япония,600,3_mini-handy (100-130м),14
http://www.wikidata.org/entity/Q11590668,Tsuneishi Kure Dock,Япония,204,3_mini-handy (100-130м),19
http://www.wikidata.org/entity/Q115322850,Sakaide Works,Япония,98,4_handysize (130-180м),6
http://www.wikidata.org/entity/Q5208288,Mangalia Shipyard,Румыния,123,5_handymax (180-200м),5
http://www.wikidata.org/entity/Q11357147,Mitsubishi Heavy Industries Nagasaki Shipyard & Machinery,Япония,163,5_handymax (180-200м),22
http://www.wikidata.org/entity/Q11613289,Usuki Shipyard,Япония,26,2_прибрежное (25-100м),3
http://www.wikidata.org/entity/Q61389895,Astilleros de Murueta,Испания,22,3_mini-handy (100-130м),5
http://www.wikidata.org/entity/Q358236,Adler Werft,Германия,6,2_прибрежное (25-100м),4
http://www.wikidata.org/entity/Q748148,Kawasaki Heavy Industries,Япония,94,4_handysize (130-180м),9
http://www.wikidata.org/entity/Q1250754,Hitzler Werft,Германия,43,3_mini-handy (100-130м),2
http://www.wikidata.org/entity/Q2813947,Uraga Dock Company,Япония,63,6_panamax (200-295м),4
http://www.wikidata.org/entity/Q4122988,Волгоградский судостроительный завод,Россия,67,4_handysize (130-180м),29
http://www.wikidata.org/entity/Q6104202,J.L. Thompson and Sons,Великобритания,44,4_handysize (130-180м),7
http://www.wikidata.org/entity/Q11250929,Sungdong Shipbuilding & Marine Engineering,,227,4_handysize (130-180м),5
http://www.wikidata.org/entity/Q17773943,Fredrikstad Mekaniske Verksted,Норвегия,47,6_panamax (200-295м),7
http://www.wikidata.org/entity/Q18287543,Cityvarvet,Швеция,21,8_vlcc и крупнее (>330м),3
http://www.wikidata.org/entity/Q43025422,Ateliers et Chantiers de La Rochelle-Pallice,Франция,3,2_прибрежное (25-100м),2
http://www.wikidata.org/entity/Q568913,Штулкен,Германия,33,4_handysize (130-180м),6
http://www.wikidata.org/entity/Q568913,Штулкен,Германский рейх,33,4_handysize (130-180м),6
http://www.wikidata.org/entity/Q810783,Bath Iron Works,США,283,2_прибрежное (25-100м),1
http://www.wikidata.org/entity/Q2864380,Военно-морской арсенал в городе Лорьян,Франция,6,4_handysize (130-180м),1
http://www.wikidata.org/entity/Q2868920,Ateliers et Chantiers de la Loire,Франция,32,2_прибрежное (25-100м),1
http://www.wikidata.org/entity/Q2868920,Ateliers et Chantiers de la Loire,Франция,32,7_capesize (295-330м),1
http://www.wikidata.org/entity/Q2956410,Chantiers Navals Français,Франция,12,3_mini-handy (100-130м),2
http://www.wikidata.org/entity/Q5629591,HHIC Phil,Филиппины,95,6_panamax (200-295м),55
http://www.wikidata.org/entity/Q27346350,Hyundai Vinashin Shipyard,Вьетнам,78,6_panamax (200-295м),12
http://www.wikidata.org/entity/Q810783,Bath Iron Works,США,283,7_capesize (295-330м),1
http://www.wikidata.org/entity/Q1193195,Ingalls Shipbuilding,США,216,5_handymax (180-200м),8
http://www.wikidata.org/entity/Q2956389,Davie Shipbuilding,Канада,60,3_mini-handy (100-130м),3
http://www.wikidata.org/entity/Q6764149,Marine Industries Limited,Канада,34,8_vlcc и крупнее (>330м),3
http://www.wikidata.org/entity/Q6978703,National Steel and Shipbuilding Company,США,79,3_mini-handy (100-130м),4
http://www.wikidata.org/entity/Q11503599,Niigata Shipbuilding & Repair,Япония,41,3_mini-handy (100-130м),5
http://www.wikidata.org/entity/Q11357146,Mitsubishi Heavy Industries Kobe Shipyard & Machinery Works,Япония,180,8_vlcc и крупнее (>330м),17
http://www.wikidata.org/entity/Q22101742,W:m Crichton & C:o,,12,2_прибрежное (25-100м),2
http://www.wikidata.org/entity/Q1066677,Charleston Naval Shipyard,США,66,3_mini-handy (100-130м),2
http://www.wikidata.org/entity/Q1548690,Военно-морская верфь Филадельфии,США,78,3_mini-handy (100-130м),1
http://www.wikidata.org/entity/Q739416,BAE Systems,Великобритания,3,4_handysize (130-180м),3
http://www.wikidata.org/entity/Q1278953,Arctech Helsinki Shipyard,Финляндия,6,3_mini-handy (100-130м),1
http://www.wikidata.org/entity/Q3817603,Kvaerner Masa-Yards,Финляндия,45,2_прибрежное (25-100м),3
http://www.wikidata.org/entity/Q6522615,Ленинградский металлический завод,,9,2_прибрежное (25-100м),1
http://www.wikidata.org/entity/Q290188,Gio. Ansaldo & C.,Италия,74,4_handysize (130-180м),8
http://www.wikidata.org/entity/Q560947,Nordseewerke,Германия,131,6_panamax (200-295м),42
http://www.wikidata.org/entity/Q657096,Lürssen Werft,Германия,71,3_mini-handy (100-130м),18
http://www.wikidata.org/entity/Q700418,Howaldtswerke-Deutsche Werft,Германия,262,5_handymax (180-200м),15
http://www.wikidata.org/entity/Q950580,Damen Shipyards Group,Нидерланды,55,6_panamax (200-295м),1
http://www.wikidata.org/entity/Q1126024,Szczecin Shipyard,Польша,65,4_handysize (130-180м),29
http://www.wikidata.org/entity/Q1323171,Fore River Shipyard,США,99,3_mini-handy (100-130м),1
http://www.wikidata.org/entity/Q1736541,Гданьская судоверфь,Польша,172,5_handymax (180-200м),11
http://www.wikidata.org/entity/Q2082380,Bethlehem Shipbuilding,США,273,3_mini-handy (100-130м),4
http://www.wikidata.org/entity/Q5241717,Davie Yards Incorporated,Канада,11,5_handymax (180-200м),1
http://www.wikidata.org/entity/Q5709680,Astilleros Españoles,Испания,12,5_handymax (180-200м),4
http://www.wikidata.org/entity/Q6351825,Kaldnes Mekaniske Verksted,Норвегия,49,5_handymax (180-200м),7
http://www.wikidata.org/entity/Q107072485,Jiangsu New Yangzi Shipbuilding,Китай,26,4_handysize (130-180м),3
http://www.wikidata.org/entity/Q1453164,Frederikshavn Shipyard,Дания,62,5_handymax (180-200м),4
http://www.wikidata.org/entity/Q1774285,Kleven Verft,Норвегия,106,2_прибрежное (25-100м),53
http://www.wikidata.org/entity/Q3655754,Cantieri Aeronautici e Navali Triestini,Королевство Италия,33,5_handymax (180-200м),3
http://www.wikidata.org/entity/Q5208288,Mangalia Shipyard,Румыния,123,4_handysize (130-180м),14
http://www.wikidata.org/entity/Q5707447,Hellesøy Verft,Норвегия,22,2_прибрежное (25-100м),21
http://www.wikidata.org/entity/Q6198710,NKK,Япония,184,7_capesize (295-330м),5
http://www.wikidata.org/entity/Q52288275,Vard Brattvaag,Норвегия,68,2_прибрежное (25-100м),51
http://www.wikidata.org/entity/Q54165931,Gulf Island Shipyards,США,17,2_прибрежное (25-100м),15
http://www.wikidata.org/entity/Q61384576,Gondán shipyards,Испания,5,2_прибрежное (25-100м),3
http://www.wikidata.org/entity/Q18688797,Hollming,Финляндия,34,4_handysize (130-180м),2
http://www.wikidata.org/entity/Q22120466,Mitsubishi Heavy Industries Shimonoseki Shipyard & Machinery Works,Япония,28,4_handysize (130-180м),6
http://www.wikidata.org/entity/Q2742109,Sociedad Española de Construcción Naval,Испания,37,3_mini-handy (100-130м),4
http://www.wikidata.org/entity/Q3655767,Cantieri Navali del Tirreno Riuniti,Италия,58,2_прибрежное (25-100м),5
http://www.wikidata.org/entity/Q4816484,Atlantic Marine,США,5,2_прибрежное (25-100м),3
http://www.wikidata.org/entity/Q11503599,Niigata Shipbuilding & Repair,Япония,41,2_прибрежное (25-100м),36
http://www.wikidata.org/entity/Q24887178,Universal Shipbuilding,Япония,74,2_прибрежное (25-100м),3
http://www.wikidata.org/entity/Q107663081,Master Boat Builders,США,7,2_прибрежное (25-100м),6
http://www.wikidata.org/entity/Q116689843,North American Shipbuilding,США,71,3_mini-handy (100-130м),3
http://www.wikidata.org/entity/Q126002066,North American Fabricators,США,3,2_прибрежное (25-100м),3
http://www.wikidata.org/entity/Q126366138,Candies Shipbuilders,США,9,2_прибрежное (25-100м),7
http://www.wikidata.org/entity/Q27432,Bethlehem Steel,США,122,5_handymax (180-200м),2
http://www.wikidata.org/entity/Q648280,Mitsubishi Heavy Industries,Япония,181,8_vlcc и крупнее (>330м),1
http://www.wikidata.org/entity/Q810783,Bath Iron Works,США,283,6_panamax (200-295м),7
http://www.wikidata.org/entity/Q5020962,California Shipbuilding Corporation,США,63,4_handysize (130-180м),23
http://www.wikidata.org/entity/Q11394144,Naikai Zosen Corporation,Япония,46,3_mini-handy (100-130м),5
http://www.wikidata.org/entity/Q28721321,Xiamen Shipbuilding Industry,Китай,58,6_panamax (200-295м),15
http://www.wikidata.org/entity/Q4978195,Stocznia Gdynia,Польша,210,2_прибрежное (25-100м),18
http://www.wikidata.org/entity/Q6236952,John H. Mathis & Company,США,12,2_прибрежное (25-100м),2
http://www.wikidata.org/entity/Q11357146,Mitsubishi Heavy Industries Kobe Shipyard & Machinery Works,Япония,180,7_capesize (295-330м),31
http://www.wikidata.org/entity/Q20112906,Smedvik mekaniske verksted,Норвегия,15,2_прибрежное (25-100м),14
http://www.wikidata.org/entity/Q47121131,Kaarbøs Mek. Verksted,Норвегия,18,2_прибрежное (25-100м),16
http://www.wikidata.org/entity/Q846694,William Cramp and Sons,США,149,4_handysize (130-180м),6
http://www.wikidata.org/entity/Q703928,"CSBC Corporation, Taiwan",Китайская Республика (Тайвань),280,5_handymax (180-200м),35
http://www.wikidata.org/entity/Q115322850,Sakaide Works,Япония,98,6_panamax (200-295м),53
http://www.wikidata.org/entity/Q321221,Neptun Werft,Германия,147,2_прибрежное (25-100м),24
http://www.wikidata.org/entity/Q2258010,Boelwerf,Бельгия,21,2_прибрежное (25-100м),4
http://www.wikidata.org/entity/Q4315879,Невский завод,Россия,38,6_panamax (200-295м),1
http://www.wikidata.org/entity/Q5251665,Defoe Shipbuilding Company,США,67,2_прибрежное (25-100м),1
http://www.wikidata.org/entity/Q6104227,J.M. Martinac Shipbuilding Corp.,,10,2_прибрежное (25-100м),3
http://www.wikidata.org/entity/Q6908150,Moore Dry Dock Company,США,37,5_handymax (180-200м),1
http://www.wikidata.org/entity/Q52286492,Sterkoder,Норвегия,38,3_mini-handy (100-130м),1
http://www.wikidata.org/entity/Q107072485,Jiangsu New Yangzi Shipbuilding,Китай,26,6_panamax (200-295м),13
http://www.wikidata.org/entity/Q527466,Bremer Vulkan,Германия,190,5_handymax (180-200м),9
http://www.wikidata.org/entity/Q527466,Bremer Vulkan,Германский рейх,190,5_handymax (180-200м),9
http://www.wikidata.org/entity/Q1032384,Canadian Vickers,Канада,48,8_vlcc и крупнее (>330м),1
http://www.wikidata.org/entity/Q1442711,Halifax Shipyard,Канада,25,8_vlcc и крупнее (>330м),4
http://www.wikidata.org/entity/Q2956389,Davie Shipbuilding,Канада,60,8_vlcc и крупнее (>330м),2
http://www.wikidata.org/entity/Q5000378,Burrard Dry Dock,Канада,29,8_vlcc и крупнее (>330м),2
http://www.wikidata.org/entity/Q1624706,Marinette Marine,США,28,2_прибрежное (25-100м),8
http://www.wikidata.org/entity/Q11957113,Akers mekaniske verksted,Норвегия,93,3_mini-handy (100-130м),5
http://www.wikidata.org/entity/Q623503,William Beardmore and Company,Великобритания,47,2_прибрежное (25-100м),1
http://www.wikidata.org/entity/Q2578500,William Doxford & Sons,Великобритания,85,2_прибрежное (25-100м),3
http://www.wikidata.org/entity/Q11632310,Kegoya Dock,Япония,63,3_mini-handy (100-130м),24
http://www.wikidata.org/entity/Q115322850,Sakaide Works,Япония,98,5_handymax (180-200м),12
http://www.wikidata.org/entity/Q378849,Navantia,Испания,38,6_panamax (200-295м),4
http://www.wikidata.org/entity/Q553599,Schichau Seebeck,Германия,111,6_panamax (200-295м),5
http://www.wikidata.org/entity/Q882348,Volkswerft,Германия,121,3_mini-handy (100-130м),24
http://www.wikidata.org/entity/Q884303,Nordic Yards Wismar,Германия,224,6_panamax (200-295м),76
http://www.wikidata.org/entity/Q1817824,Uljanik,Хорватия,151,6_panamax (200-295м),14
http://www.wikidata.org/entity/Q1817824,Uljanik,Австро-Венгрия,151,6_panamax (200-295м),14
http://www.wikidata.org/entity/Q1817824,Uljanik,Югославия,151,6_panamax (200-295м),14
http://www.wikidata.org/entity/Q5210936,Dalian Shipbuilding Industry Company,Китай,287,2_прибрежное (25-100м),7
http://www.wikidata.org/entity/Q7106970,Oskarshamn Shipyard,Швеция,34,5_handymax (180-200м),2
http://www.wikidata.org/entity/Q7224811,Wärtsilä Marine,,11,5_handymax (180-200м),1
http://www.wikidata.org/entity/Q16489077,Astilleros de Sevilla,Испания,7,4_handysize (130-180м),4
http://www.wikidata.org/entity/Q1073329,China Merchants,Китай,6,6_panamax (200-295м),2
http://www.wikidata.org/entity/Q2258010,Boelwerf,Бельгия,21,3_mini-handy (100-130м),6
http://www.wikidata.org/entity/Q8048969,Yantai Raffles Shipyard,Китай,11,5_handymax (180-200м),2
http://www.wikidata.org/entity/Q11484094,Imabari Shipbuilding Hiroshima Shipyard,Япония,262,5_handymax (180-200м),9
http://www.wikidata.org/entity/Q15411288,Hudong-Zhonghua Shipbuilding,Китай,381,7_capesize (295-330м),5
http://www.wikidata.org/entity/Q1126024,Szczecin Shipyard,Польша,65,2_прибрежное (25-100м),2
http://www.wikidata.org/entity/Q1808912,Sumitomo Heavy Industries,Япония,165,8_vlcc и крупнее (>330м),6
http://www.wikidata.org/entity/Q2956387,Alabama Drydock and Shipbuilding Company,США,12,4_handysize (130-180м),4
http://www.wikidata.org/entity/Q4732597,Allied Shipbuilders,Канада,17,2_прибрежное (25-100м),13
http://www.wikidata.org/entity/Q8048969,Yantai Raffles Shipyard,Китай,11,2_прибрежное (25-100м),6
http://www.wikidata.org/entity/Q11419682,Shikoku Dockyard,Япония,153,2_прибрежное (25-100м),7
http://www.wikidata.org/entity/Q15411288,Hudong-Zhonghua Shipbuilding,Китай,381,2_прибрежное (25-100м),17
http://www.wikidata.org/entity/Q22672082,Swiftships,,7,2_прибрежное (25-100м),6
http://www.wikidata.org/entity/Q30687989,Eastern Shipbuilding Group,США,31,6_panamax (200-295м),3
http://www.wikidata.org/entity/Q31843822,Brodotrogir,Хорватия,20,2_прибрежное (25-100м),3
http://www.wikidata.org/entity/Q57404752,Robin Shipyard,Сингапур,3,2_прибрежное (25-100м),3
http://www.wikidata.org/entity/Q6737,Кастелламмаре-ди-Стабия,Италия,9,2_прибрежное (25-100м),1
http://www.wikidata.org/entity/Q1227511,Naval Group,Франция,60,5_handymax (180-200м),4
http://www.wikidata.org/entity/Q3655776,Q3655776,Италия,56,6_panamax (200-295м),2
http://www.wikidata.org/entity/Q7106621,Oshima Shipbuilding,Япония,754,2_прибрежное (25-100м),1
http://www.wikidata.org/entity/Q9266563,Remontowa,Польша,63,5_handymax (180-200м),1
http://www.wikidata.org/entity/Q11394144,Naikai Zosen Corporation,Япония,46,2_прибрежное (25-100м),14
http://www.wikidata.org/entity/Q19582082,Smith and Dimon Shipyard,,4,2_прибрежное (25-100м),1
http://www.wikidata.org/entity/Q27957424,Sheerness Dockyard,Великобритания,35,2_прибрежное (25-100м),2
http://www.wikidata.org/entity/Q52287703,Søviknes Verft,Норвегия,56,3_mini-handy (100-130м),7
http://www.wikidata.org/entity/Q60390540,Yangzhou Binjiang Shipbuilding,Китай,201,2_прибрежное (25-100м),36
http://www.wikidata.org/entity/Q2634589,Черноморский судостроительный завод,Украина,104,4_handysize (130-180м),4
http://www.wikidata.org/entity/Q2864380,Военно-морской арсенал в городе Лорьян,Франция,6,3_mini-handy (100-130м),1
http://www.wikidata.org/entity/Q11613289,Usuki Shipyard,Япония,26,3_mini-handy (100-130м),2
http://www.wikidata.org/entity/Q16569543,Freire Shipyard,Испания,11,3_mini-handy (100-130м),1
http://www.wikidata.org/entity/Q47121943,Storvik Mekaniske Verksted,Норвегия,16,2_прибрежное (25-100м),7
http://www.wikidata.org/entity/Q705377,Meyer Werft,Германия,152,5_handymax (180-200м),2
http://www.wikidata.org/entity/Q705377,Meyer Werft,Германия,152,3_mini-handy (100-130м),12
http://www.wikidata.org/entity/Q763386,Brest Arsenal,Франция,44,3_mini-handy (100-130м),4
http://www.wikidata.org/entity/Q1583714,Hanseatische Werft,Германия,7,2_прибрежное (25-100м),4
http://www.wikidata.org/entity/Q1778280,Ulstein Group,Норвегия,5,4_handysize (130-180м),1
http://www.wikidata.org/entity/Q2792393,Cockerill Yards,Бельгия,11,3_mini-handy (100-130м),2
http://www.wikidata.org/entity/Q3655760,Cantiere navale fratelli Orlando,Италия,32,3_mini-handy (100-130м),2
http://www.wikidata.org/entity/Q3655776,Q3655776,Италия,56,4_handysize (130-180м),7
http://www.wikidata.org/entity/Q10542877,Kalmar shipyard,Швеция,10,4_handysize (130-180м),1
http://www.wikidata.org/entity/Q10727553,Öresund shipyard,Швеция,63,3_mini-handy (100-130м),12
http://www.wikidata.org/entity/Q12310586,Q12310586,Дания,5,2_прибрежное (25-100м),3
http://www.wikidata.org/entity/Q22126509,Hayashi Kanesen,Япония,15,3_mini-handy (100-130м),5
http://www.wikidata.org/entity/Q27432,Bethlehem Steel,США,122,2_прибрежное (25-100м),2
http://www.wikidata.org/entity/Q5148015,Colombo Dockyard,Шри-Ланка,17,2_прибрежное (25-100м),13
http://www.wikidata.org/entity/Q7169297,Permanente Metals,США,82,4_handysize (130-180м),21
http://www.wikidata.org/entity/Q7673985,Tacoma Boatbuilding Company,США,12,2_прибрежное (25-100м),7
http://www.wikidata.org/entity/Q7101336,Oregon Shipbuilding Corporation,США,47,4_handysize (130-180м),8
http://www.wikidata.org/entity/Q5613742,CSSC Offshore & Marine Engineering Company,Китай,302,6_panamax (200-295м),40
http://www.wikidata.org/entity/Q7889627,United States Coast Guard Yard,США,15,2_прибрежное (25-100м),1
http://www.wikidata.org/entity/Q30638410,Rauma Marine Constructions,Финляндия,5,4_handysize (130-180м),2
http://www.wikidata.org/entity/Q30638410,Rauma Marine Constructions,Финляндия,5,6_panamax (200-295м),2
http://www.wikidata.org/entity/Q122574939,China Merchants Heavy Industry,Китай,4,6_panamax (200-295м),2
http://www.wikidata.org/entity/Q915979,Lockheed Shipbuilding and Construction Company,США,34,4_handysize (130-180м),1
http://www.wikidata.org/entity/Q2597892,Pusey and Jones,США,21,3_mini-handy (100-130м),2
http://www.wikidata.org/entity/Q11415470,Namura Shipbuilding,Япония,273,7_capesize (295-330м),24
http://www.wikidata.org/entity/Q14683274,Marinship,США,32,5_handymax (180-200м),1
http://www.wikidata.org/entity/Q3655739,Cantiere Pattison,,4,3_mini-handy (100-130м),1
http://www.wikidata.org/entity/Q962591,JFE Holdings,Япония,5,2_прибрежное (25-100м),1
http://www.wikidata.org/entity/Q2235344,Schiffswerft Laubegast,Германия,8,1_малое (<25м),4
http://www.wikidata.org/entity/Q4650301,ABG Shipyard,Индия,9,2_прибрежное (25-100м),1
http://www.wikidata.org/entity/Q10589643,Motala shipyard,Швеция,10,2_прибрежное (25-100м),2
http://www.wikidata.org/entity/Q10852472,Vard Group,Норвегия,8,3_mini-handy (100-130м),2
http://www.wikidata.org/entity/Q17083313,Tersan Shipyard,Турция,43,2_прибрежное (25-100м),23
http://www.wikidata.org/entity/Q18343358,Eqva,Норвегия,15,2_прибрежное (25-100м),11
http://www.wikidata.org/entity/Q47455441,Westcon Yards,Норвегия,13,5_handymax (180-200м),2
http://www.wikidata.org/entity/Q110947883,Arnhemsche Stoomsleephelling Maatschappij,Нидерланды,4,2_прибрежное (25-100м),4
http://www.wikidata.org/entity/Q4069935,Арсенал в Картахене,Испания,54,3_mini-handy (100-130м),3
http://www.wikidata.org/entity/Q6978703,National Steel and Shipbuilding Company,США,79,4_handysize (130-180м),1
http://www.wikidata.org/entity/Q1888079,Портсмут,Великобритания,92,2_прибрежное (25-100м),8
http://www.wikidata.org/entity/Q4939795,Bollinger Shipyards,США,14,6_panamax (200-295м),1
http://www.wikidata.org/entity/Q5163305,Consolidated Steel Corporation,США,185,8_vlcc и крупнее (>330м),1
http://www.wikidata.org/entity/Q29093553,Bollinger Mississippi Shipbuilding,США,26,6_panamax (200-295м),3
http://www.wikidata.org/entity/Q30687989,Eastern Shipbuilding Group,США,31,8_vlcc и крупнее (>330м),2
http://www.wikidata.org/entity/Q54165931,Gulf Island Shipyards,США,17,6_panamax (200-295м),1
http://www.wikidata.org/entity/Q54165931,Gulf Island Shipyards,США,17,8_vlcc и крупнее (>330м),2
http://www.wikidata.org/entity/Q107663081,Master Boat Builders,США,7,5_handymax (180-200м),1
http://www.wikidata.org/entity/Q5163305,Consolidated Steel Corporation,США,185,2_прибрежное (25-100м),1
http://www.wikidata.org/entity/Q2126194,Rijkswerf Amsterdam,Нидерланды,5,3_mini-handy (100-130м),1
http://www.wikidata.org/entity/Q634984,Federal Shipbuilding and Drydock Company,США,193,4_handysize (130-180м),5
http://www.wikidata.org/entity/Q2082380,Bethlehem Shipbuilding,США,273,2_прибрежное (25-100м),1
http://www.wikidata.org/entity/Q2235336,Q2235336,Германия,4,2_прибрежное (25-100м),2
http://www.wikidata.org/entity/Q9161608,Chantiers et Ateliers Augustin Normand,Франция,11,4_handysize (130-180м),1
http://www.wikidata.org/entity/Q1548690,Военно-морская верфь Филадельфии,США,78,2_прибрежное (25-100м),2
http://www.wikidata.org/entity/Q6175323,Jeffboat,США,22,3_mini-handy (100-130м),1
http://www.wikidata.org/entity/Q463613,American Bridge Company,США,27,3_mini-handy (100-130м),1
http://www.wikidata.org/entity/Q463613,American Bridge Company,США,27,7_capesize (295-330м),1
http://www.wikidata.org/entity/Q14715404,Bethlehem Hingham Shipyard,США,159,3_mini-handy (100-130м),1
http://www.wikidata.org/entity/Q15229083,J & W Dudgeon,Великобритания,8,6_panamax (200-295м),1
http://www.wikidata.org/entity/Q19374770,Horten Verft,Норвегия,21,2_прибрежное (25-100м),3
http://www.wikidata.org/entity/Q30931022,Huangpu Wenchong Shipbuilding,Китай,56,6_panamax (200-295м),15
http://www.wikidata.org/entity/Q463858,Kaiserliche Werft Kiel,Германская империя,17,2_прибрежное (25-100м),6
http://www.wikidata.org/entity/Q634984,Federal Shipbuilding and Drydock Company,США,193,5_handymax (180-200м),1
http://www.wikidata.org/entity/Q52286492,Sterkoder,Норвегия,38,2_прибрежное (25-100м),30
http://www.wikidata.org/entity/Q321772,Daewoo,Республика Корея,3,8_vlcc и крупнее (>330м),3
http://www.wikidata.org/entity/Q327429,Wärtsilä,Финляндия,90,5_handymax (180-200м),3
http://www.wikidata.org/entity/Q489195,Hanjin Heavy Industries,Республика Корея,262,7_capesize (295-330м),34
http://www.wikidata.org/entity/Q1980771,Николаевский судостроительный завод,Украина,110,3_mini-handy (100-130м),3
http://www.wikidata.org/entity/Q115162051,Jiangsu Yangzijiang Shipbuilding,Китай,165,5_handymax (180-200м),22
http://www.wikidata.org/entity/Q1736541,Гданьская судоверфь,Польша,172,8_vlcc и крупнее (>330м),1
http://www.wikidata.org/entity/Q1073506,Китайская корпорация тяжелого судостроения,Китай,6,6_panamax (200-295м),4
http://www.wikidata.org/entity/Q1959394,Muetzelfeldtwerft in Cuxhaven,Германия,25,4_handysize (130-180м),6
http://www.wikidata.org/entity/Q12193,Брест,Франция,29,4_handysize (130-180м),1
http://www.wikidata.org/entity/Q82610,Newport News Shipbuilding,США,221,5_handymax (180-200м),9
http://www.wikidata.org/entity/Q152027,Сен-Назер,Франция,6,6_panamax (200-295м),5
http://www.wikidata.org/entity/Q183275,Mitsubishi,Япония,10,6_panamax (200-295м),3
http://www.wikidata.org/entity/Q369524,Ganz Works,Венгрия,9,4_handysize (130-180м),2
http://www.wikidata.org/entity/Q502713,Stabilimento Tecnico Triestino,,55,4_handysize (130-180м),4
http://www.wikidata.org/entity/Q524435,Нью-Йоркская военно-морская верфь,США,90,6_panamax (200-295м),8
http://www.wikidata.org/entity/Q1207020,Девонпорт (военно-морская база),Великобритания,103,5_handymax (180-200м),4
http://www.wikidata.org/entity/Q1980771,Николаевский судостроительный завод,Украина,110,8_vlcc и крупнее (>330м),2
http://www.wikidata.org/entity/Q1980771,Николаевский судостроительный завод,Украина,110,4_handysize (130-180м),12
http://www.wikidata.org/entity/Q2292711,Адмиралтейские верфи,Россия,85,3_mini-handy (100-130м),4
http://www.wikidata.org/entity/Q2634589,Черноморский судостроительный завод,Украина,104,3_mini-handy (100-130м),7
http://www.wikidata.org/entity/Q2742109,Sociedad Española de Construcción Naval,Испания,37,4_handysize (130-180м),6
http://www.wikidata.org/entity/Q2790777,Военно-морской арсенал в Йокосуке,Японская империя,55,5_handymax (180-200м),1
http://www.wikidata.org/entity/Q3655748,Regio Cantiere di Castellammare di Stabia,Италия,63,3_mini-handy (100-130м),3
http://www.wikidata.org/entity/Q81472,Цзяннаньский судостроительный завод,Китай,222,8_vlcc и крупнее (>330м),6
http://www.wikidata.org/entity/Q261421,Peene-Werft,Германия,74,5_handymax (180-200м),8
http://www.wikidata.org/entity/Q648280,Mitsubishi Heavy Industries,Япония,181,7_capesize (295-330м),3
http://www.wikidata.org/entity/Q703928,"CSBC Corporation, Taiwan",Китайская Республика (Тайвань),280,4_handysize (130-180м),31
http://www.wikidata.org/entity/Q882348,Volkswerft,Германия,121,6_panamax (200-295м),39
http://www.wikidata.org/entity/Q1653679,IHI Corporation,Япония,87,8_vlcc и крупнее (>330м),7
http://www.wikidata.org/entity/Q21927194,Meyer Turku,Финляндия,56,4_handysize (130-180м),4
http://www.wikidata.org/entity/Q829911,Nordic Yards Warnemünde,Германия,148,6_panamax (200-295м),39
http://www.wikidata.org/entity/Q2043455,P+S Werften,Германия,31,6_panamax (200-295м),8
http://www.wikidata.org/entity/Q16607020,Щецинская судоверфь имени Адольфа Варского,Польша,248,6_panamax (200-295м),24
http://www.wikidata.org/entity/Q29569261,Варненский судостроительный завод,Болгария,103,3_mini-handy (100-130м),21
http://www.wikidata.org/entity/Q1342306,Samuda Brothers,Великобритания,25,6_panamax (200-295м),2
http://www.wikidata.org/entity/Q90428675,Måløy verft,Норвегия,6,2_прибрежное (25-100м),5
http://www.wikidata.org/entity/Q115129334,Damen Shipyards Antalya,Турция,3,2_прибрежное (25-100м),3
http://www.wikidata.org/entity/Q130425493,PT Kim Seah Shipyard Indonesia,Индонезия,5,2_прибрежное (25-100м),2
http://www.wikidata.org/entity/Q30931022,Huangpu Wenchong Shipbuilding,Китай,56,5_handymax (180-200м),11
http://www.wikidata.org/entity/Q126366138,Candies Shipbuilders,США,9,3_mini-handy (100-130м),2
http://www.wikidata.org/entity/Q7640197,Sungdong,Республика Корея,7,6_panamax (200-295м),6
http://www.wikidata.org/entity/Q117286,COSCO,Китай,7,8_vlcc и крупнее (>330м),1
http://www.wikidata.org/entity/Q703928,"CSBC Corporation, Taiwan",Китайская Республика (Тайвань),280,8_vlcc и крупнее (>330м),17
http://www.wikidata.org/entity/Q84419790,Jiangsu Rongsheng Heavy Industries,Китай,40,7_capesize (295-330м),3
http://www.wikidata.org/entity/Q703928,"CSBC Corporation, Taiwan",Китайская Республика (Тайвань),280,7_capesize (295-330м),16
http://www.wikidata.org/entity/Q4866203,Basalt Rock Company,США,25,4_handysize (130-180м),1
http://www.wikidata.org/entity/Q152027,Сен-Назер,Франция,6,4_handysize (130-180м),1
http://www.wikidata.org/entity/Q183275,Mitsubishi,Япония,10,4_handysize (130-180м),1
http://www.wikidata.org/entity/Q1068204,Чатемская верфь,Великобритания,109,4_handysize (130-180м),1
http://www.wikidata.org/entity/Q2790777,Военно-морской арсенал в Йокосуке,Японская империя,55,4_handysize (130-180м),2
http://www.wikidata.org/entity/Q359185,Главное адмиралтейство в Санкт-Петербурге,Россия,4,2_прибрежное (25-100м),2
http://www.wikidata.org/entity/Q18338801,Hakata Shipbuilding,Япония,104,4_handysize (130-180м),20
http://www.wikidata.org/entity/Q60989335,Wuhu Shipyard,Китай,16,6_panamax (200-295м),1
http://www.wikidata.org/entity/Q483231,Hyundai Heavy Industries,Республика Корея,1116,3_mini-handy (100-130м),18
http://www.wikidata.org/entity/Q703928,"CSBC Corporation, Taiwan",Китайская Республика (Тайвань),280,3_mini-handy (100-130м),2
http://www.wikidata.org/entity/Q1631703,Howaldtswerke Hamburg,Германия,61,3_mini-handy (100-130м),6
http://www.wikidata.org/entity/Q1631703,Howaldtswerke Hamburg,Германский рейх,61,3_mini-handy (100-130м),6
http://www.wikidata.org/entity/Q1720581,Royal Niestern Sander,Нидерланды,71,4_handysize (130-180м),13
http://www.wikidata.org/entity/Q5210936,Dalian Shipbuilding Industry Company,Китай,287,7_capesize (295-330м),34
http://www.wikidata.org/entity/Q8350285,La Naval (Sestao),Испания,30,4_handysize (130-180м),8
http://www.wikidata.org/entity/Q11357146,Mitsubishi Heavy Industries Kobe Shipyard & Machinery Works,Япония,180,3_mini-handy (100-130м),5
http://www.wikidata.org/entity/Q11484094,Imabari Shipbuilding Hiroshima Shipyard,Япония,262,8_vlcc и крупнее (>330м),3
http://www.wikidata.org/entity/Q12338285,Søby Værft,Дания,5,2_прибрежное (25-100м),5
http://www.wikidata.org/entity/Q97178247,Naval Gijón,Испания,15,3_mini-handy (100-130м),3
http://www.wikidata.org/entity/Q104520574,Veka Shipyard Lemmer,Нидерланды,29,2_прибрежное (25-100м),23
http://www.wikidata.org/entity/Q110655590,Sölvesborgs varv,Швеция,8,3_mini-handy (100-130м),2
http://www.wikidata.org/entity/Q124418673,Huanghai Shipbuilding,Китай,5,4_handysize (130-180м),3
http://www.wikidata.org/entity/Q129427764,Scheepswerf Van Goor,Нидерланды,3,2_прибрежное (25-100м),3
http://www.wikidata.org/entity/Q134077133,Groot & Van Vliet,Нидерланды,3,2_прибрежное (25-100м),2
http://www.wikidata.org/entity/Q13403563,Fujian Mawei Shipbuilding,Китай,137,3_mini-handy (100-130м),50
http://www.wikidata.org/entity/Q15411288,Hudong-Zhonghua Shipbuilding,Китай,381,8_vlcc и крупнее (>330м),34
http://www.wikidata.org/entity/Q489195,Hanjin Heavy Industries,Республика Корея,262,8_vlcc и крупнее (>330м),2
http://www.wikidata.org/entity/Q5348836,Eidsvik Skipsbyggeri,Норвегия,11,2_прибрежное (25-100м),10
http://www.wikidata.org/entity/Q8207464,Imabari Shipbuilding,Япония,566,8_vlcc и крупнее (>330м),16
http://www.wikidata.org/entity/Q10474862,Djupvik shipyard,Швеция,14,2_прибрежное (25-100м),4
http://www.wikidata.org/entity/Q10543891,Karlskronavarvet,Швеция,96,1_малое (<25м),1
http://www.wikidata.org/entity/Q10589643,Motala shipyard,Швеция,10,1_малое (<25м),1
http://www.wikidata.org/entity/Q25511937,Vaagland Båtbyggeri,Норвегия,28,2_прибрежное (25-100м),25
http://www.wikidata.org/entity/Q60045486,Shanghai Waigaoqiao Shipbuilding,Китай,267,8_vlcc и крупнее (>330м),50
http://www.wikidata.org/entity/Q85913512,Imabari Shipbuilding Marugame Headquarters,Япония,336,8_vlcc и крупнее (>330м),2
http://www.wikidata.org/entity/Q11395932,Hakodate Dock,Япония,178,3_mini-handy (100-130м),2
http://www.wikidata.org/entity/Q17209885,Kanrei Shipbuilding,Япония,25,3_mini-handy (100-130м),11
http://www.wikidata.org/entity/Q231554,Ла-Сьота,Франция,3,6_panamax (200-295м),1
http://www.wikidata.org/entity/Q483231,Hyundai Heavy Industries,Республика Корея,1116,1_малое (<25м),1
http://www.wikidata.org/entity/Q700418,Howaldtswerke-Deutsche Werft,Германия,262,8_vlcc и крупнее (>330м),1
http://www.wikidata.org/entity/Q829911,Nordic Yards Warnemünde,Германия,148,4_handysize (130-180м),94
http://www.wikidata.org/entity/Q1778277,Odense Steel Shipyard,Дания,188,7_capesize (295-330м),8
http://www.wikidata.org/entity/Q2298785,Van der Giessen de Noord,Нидерланды,81,5_handymax (180-200м),9
http://www.wikidata.org/entity/Q5629591,HHIC Phil,Филиппины,95,8_vlcc и крупнее (>330м),14
http://www.wikidata.org/entity/Q531348,Kaiserliche Werft Danzig,Германия,30,3_mini-handy (100-130м),7
http://www.wikidata.org/entity/Q1126024,Szczecin Shipyard,Польша,65,6_panamax (200-295м),10
http://www.wikidata.org/entity/Q4428231,Соломбальская верфь (казённая мануфактура),Российская империя,90,2_прибрежное (25-100м),2
http://www.wikidata.org/entity/Q4898067,Bethlehem Sparrows Point Shipyard,США,38,6_panamax (200-295м),2
http://www.wikidata.org/entity/Q261421,Peene-Werft,Германия,74,4_handysize (130-180м),32
http://www.wikidata.org/entity/Q652491,Orenstein & Koppel,Германия,30,4_handysize (130-180м),5
http://www.wikidata.org/entity/Q1653679,IHI Corporation,Япония,87,7_capesize (295-330м),1
http://www.wikidata.org/entity/Q4686063,Damen Shipyards Galați,Румыния,181,4_handysize (130-180м),55
http://www.wikidata.org/entity/Q321253,Kriegsmarinewerft Wilhelmshaven,Германия,10,4_handysize (130-180м),5
http://www.wikidata.org/entity/Q463858,Kaiserliche Werft Kiel,Германская империя,17,3_mini-handy (100-130м),5
http://www.wikidata.org/entity/Q524435,Нью-Йоркская военно-морская верфь,США,90,5_handymax (180-200м),2
http://www.wikidata.org/entity/Q641314,Deutsche Werke,Германский рейх,20,4_handysize (130-180м),1
http://www.wikidata.org/entity/Q641314,Deutsche Werke,Германский рейх,20,5_handymax (180-200м),3
http://www.wikidata.org/entity/Q1889710,Oto Melara,Италия,4,4_handysize (130-180м),1
http://www.wikidata.org/entity/Q5195090,Vickers Limited,Великобритания,37,4_handysize (130-180м),2
http://www.wikidata.org/entity/Q11415470,Namura Shipbuilding,Япония,273,8_vlcc и крупнее (>330м),3
http://www.wikidata.org/entity/Q11250929,Sungdong Shipbuilding & Marine Engineering,,227,7_capesize (295-330м),16
http://www.wikidata.org/entity/Q11484094,Imabari Shipbuilding Hiroshima Shipyard,Япония,262,7_capesize (295-330м),7
http://www.wikidata.org/entity/Q115162051,Jiangsu Yangzijiang Shipbuilding,Китай,165,6_panamax (200-295м),29
http://www.wikidata.org/entity/Q1153446,Cantieri Riuniti dell'Adriatico,Италия,36,4_handysize (130-180м),6
http://www.wikidata.org/entity/Q1153446,Cantieri Riuniti dell'Adriatico,Италия,36,5_handymax (180-200м),3
http://www.wikidata.org/entity/Q1207020,Девонпорт (военно-морская база),Великобритания,103,4_handysize (130-180м),5
http://www.wikidata.org/entity/Q1549757,Scotts Shipbuilding and Engineering Company,Великобритания,79,5_handymax (180-200м),1
http://www.wikidata.org/entity/Q3880846,Odero-Terni-Orlando,Италия,23,5_handymax (180-200м),3
http://www.wikidata.org/entity/Q6671056,London and Glasgow Shipbuilding Company,Великобритания,11,4_handysize (130-180м),1
http://www.wikidata.org/entity/Q1345,Филадельфия,США,3,3_mini-handy (100-130м),1
http://www.wikidata.org/entity/Q6883239,Mitsui Engineering & Shipbuilding,Япония,62,2_прибрежное (25-100м),6
http://www.wikidata.org/entity/Q11294418,Kanasashi Heavy Industries,Япония,58,2_прибрежное (25-100м),13
http://www.wikidata.org/entity/Q11309941,Japan Marine United,Япония,255,3_mini-handy (100-130м),4
http://www.wikidata.org/entity/Q56231733,Tsuneishi Miho Shipbuilding,Япония,73,2_прибрежное (25-100м),33
http://www.wikidata.org/entity/Q502713,Stabilimento Tecnico Triestino,,55,3_mini-handy (100-130м),3
http://www.wikidata.org/entity/Q621541,Appledore Shipbuilders,Великобритания,48,4_handysize (130-180м),1
http://www.wikidata.org/entity/Q877321,Pella Sietas,Германия,555,1_малое (<25м),2
http://www.wikidata.org/entity/Q1003299,Framnæs Mekaniske Værksted,Норвегия,25,3_mini-handy (100-130м),1
http://www.wikidata.org/entity/Q1342306,Samuda Brothers,Великобритания,25,2_прибрежное (25-100м),5
http://www.wikidata.org/entity/Q2578500,William Doxford & Sons,Великобритания,85,4_handysize (130-180м),15
http://www.wikidata.org/entity/Q97178247,Naval Gijón,Испания,15,4_handysize (130-180м),7
http://www.wikidata.org/entity/Q134413277,Georgi Dimitrov Shipyard,Болгария,8,4_handysize (130-180м),1
http://www.wikidata.org/entity/Q560947,Nordseewerke,Германия,131,5_handymax (180-200м),11
http://www.wikidata.org/entity/Q2578500,William Doxford & Sons,Великобритания,85,3_mini-handy (100-130м),2
http://www.wikidata.org/entity/Q13403563,Fujian Mawei Shipbuilding,Китай,137,4_handysize (130-180м),43
http://www.wikidata.org/entity/Q56161333,Scheepswerf Pattje,Нидерланды,65,3_mini-handy (100-130м),8
http://www.wikidata.org/entity/Q115168196,Jiangsu Yangzi Xinfu Shipbuilding,Китай,299,8_vlcc и крупнее (>330м),38
http://www.wikidata.org/entity/Q1323171,Fore River Shipyard,США,99,5_handymax (180-200м),3
http://www.wikidata.org/entity/Q113279667,IHDA Shipbuilding,Нидерланды,5,4_handysize (130-180м),5
http://www.wikidata.org/entity/Q17209885,Kanrei Shipbuilding,Япония,25,2_прибрежное (25-100м),14
http://www.wikidata.org/entity/Q524435,Нью-Йоркская военно-морская верфь,США,90,4_handysize (130-180м),5
http://www.wikidata.org/entity/Q1564994,Toulon Arsenal,Франция,23,2_прибрежное (25-100м),2
http://www.wikidata.org/entity/Q10680683,Stockholm Navy Shipyard,Швеция,6,2_прибрежное (25-100м),3
http://www.wikidata.org/entity/Q61861374,Royal Shipyard of Havana,Испанская империя,16,2_прибрежное (25-100м),1
http://www.wikidata.org/entity/Q114799410,Ribeira das Naus,Португалия,10,2_прибрежное (25-100м),2
http://www.wikidata.org/entity/Q877321,Pella Sietas,Германия,555,5_handymax (180-200м),3
http://www.wikidata.org/entity/Q4686063,Damen Shipyards Galați,Румыния,181,6_panamax (200-295м),1
http://www.wikidata.org/entity/Q11282532,IHI Marine United,Япония,234,4_handysize (130-180м),10
http://www.wikidata.org/entity/Q17101117,Austin & Pickersgill,Великобритания,27,5_handymax (180-200м),5
http://www.wikidata.org/entity/Q12193,Брест,Франция,29,5_handymax (180-200м),1
http://www.wikidata.org/entity/Q321253,Kriegsmarinewerft Wilhelmshaven,Германия,10,5_handymax (180-200м),2
http://www.wikidata.org/entity/Q323261,Дешимаг,Нацистская Германия,49,6_panamax (200-295м),3
http://www.wikidata.org/entity/Q323261,Дешимаг,Веймарская республика,49,6_panamax (200-295м),3
http://www.wikidata.org/entity/Q657784,Mare Island NSY,США,48,5_handymax (180-200м),1
http://www.wikidata.org/entity/Q703194,Germaniawerft,Германский рейх,118,6_panamax (200-295м),2
http://www.wikidata.org/entity/Q1297188,Puget Sound Naval Shipyard,США,36,5_handymax (180-200м),2
http://www.wikidata.org/entity/Q1297188,Puget Sound Naval Shipyard,США,36,4_handysize (130-180м),1
http://www.wikidata.org/entity/Q1888079,Портсмут,Великобритания,92,5_handymax (180-200м),7
http://www.wikidata.org/entity/Q1889710,Oto Melara,Италия,4,5_handymax (180-200м),1
http://www.wikidata.org/entity/Q2742109,Sociedad Española de Construcción Naval,Испания,37,5_handymax (180-200м),2
http://www.wikidata.org/entity/Q11478590,Судоверфь Кавасаки,Японская империя,20,5_handymax (180-200м),1
http://www.wikidata.org/entity/Q11478590,Судоверфь Кавасаки,Японская империя,20,6_panamax (200-295м),1
http://www.wikidata.org/entity/Q17750722,Bolsønes Verft,Норвегия,14,3_mini-handy (100-130м),1
http://www.wikidata.org/entity/Q3077291,Forges et Chantiers de la Gironde,Франция,25,3_mini-handy (100-130м),1
http://www.wikidata.org/entity/Q2688386,Военно-морской арсенал Куре,Япония,39,4_handysize (130-180м),1
http://www.wikidata.org/entity/Q1736541,Гданьская судоверфь,Польша,172,1_малое (<25м),2
http://www.wikidata.org/entity/Q10718975,Södra varvet,Швеция,17,1_малое (<25м),3
http://www.wikidata.org/entity/Q11785591,Morska Stocznia Jachtowa im. Leonida Teligi,Польша,4,1_малое (<25м),4
http://www.wikidata.org/entity/Q87412644,Estaleiros Navais de São Jacinto,Португалия,4,2_прибрежное (25-100м),2
http://www.wikidata.org/entity/Q137647902,Q137647902,Великобритания,4,2_прибрежное (25-100м),3
http://www.wikidata.org/entity/Q2079531,Peters Werft,Германия,108,3_mini-handy (100-130м),15
http://www.wikidata.org/entity/Q5208288,Mangalia Shipyard,Румыния,123,7_capesize (295-330м),8
http://www.wikidata.org/entity/Q8637936,Guangzhou Wenchong Shipyard,Китай,195,6_panamax (200-295м),16
http://www.wikidata.org/entity/Q19827622,Orskov Yard,Дания,163,3_mini-handy (100-130м),20
http://www.wikidata.org/entity/Q87594828,Unión Naval de Levante,Испания,25,3_mini-handy (100-130м),6
http://www.wikidata.org/entity/Q97219031,Sedef Shipyard,Турция,5,4_handysize (130-180м),1
http://www.wikidata.org/entity/Q4796418,Arsenal de Marinha do Rio de Janeiro,Бразилия,8,2_прибрежное (25-100м),1
http://www.wikidata.org/entity/Q6102195,Royal Shipyard of Esteiro,Испания,24,2_прибрежное (25-100м),1
http://www.wikidata.org/entity/Q838929,Амурский судостроительный завод,Россия,12,5_handymax (180-200м),2
http://www.wikidata.org/entity/Q3655764,Rodriquez Cantieri Navali,Италия,17,2_прибрежное (25-100м),13
http://www.wikidata.org/entity/Q10589643,Motala shipyard,Швеция,10,4_handysize (130-180м),1
http://www.wikidata.org/entity/Q11162731,Rosenberg Mekaniske Verksted,Норвегия,48,2_прибрежное (25-100м),8
http://www.wikidata.org/entity/Q52502362,Larsnes Mekaniske Verkstad,Норвегия,18,2_прибрежное (25-100м),18
http://www.wikidata.org/entity/Q625713,BHP Billiton,Австралия,5,4_handysize (130-180м),1
http://www.wikidata.org/entity/Q2499714,Upper Clyde Shipbuilders,Великобритания,7,6_panamax (200-295м),1
http://www.wikidata.org/entity/Q24204847,Pembroke Dockyard,Великобритания,100,2_прибрежное (25-100м),4
http://www.wikidata.org/entity/Q134312411,Globe Iron Works,США,4,6_panamax (200-295м),1
http://www.wikidata.org/entity/Q22101730,Ateliers et Chantiers de Saint-Nazaire Penhoët,Франция,32,4_handysize (130-180м),4
http://www.wikidata.org/entity/Q3077298,Société Nouvelle des Forges et Chantiers de la Méditerranée,Франция,91,8_vlcc и крупнее (>330м),1
http://www.wikidata.org/entity/Q11990799,Nakskov Skibsværft,Дания,28,3_mini-handy (100-130м),2
http://www.wikidata.org/entity/Q3230256,Kership Lorient,Франция,3,2_прибрежное (25-100м),3
http://www.wikidata.org/entity/Q3437865,Bergen Mekaniske Verksted,Норвегия,117,6_panamax (200-295м),2
http://www.wikidata.org/entity/Q4937616,Boghammar Marin AB,Швеция,8,2_прибрежное (25-100м),3
http://www.wikidata.org/entity/Q5629591,HHIC Phil,Филиппины,95,7_capesize (295-330м),21
http://www.wikidata.org/entity/Q47087469,Tromsø Skipsverft,Норвегия,8,2_прибрежное (25-100м),7
http://www.wikidata.org/entity/Q47108746,Brødrene Lothe,Норвегия,15,4_handysize (130-180м),1
http://www.wikidata.org/entity/Q52502852,Sandnessjøen Slip & Mek Verksted,Норвегия,9,2_прибрежное (25-100м),8
http://www.wikidata.org/entity/Q52682784,Skjervøy Skipsverft,Норвегия,3,2_прибрежное (25-100м),3
http://www.wikidata.org/entity/Q56711451,Drammen Slip & Verksted,Норвегия,13,2_прибрежное (25-100м),5
http://www.wikidata.org/entity/Q57305668,Skála Skipasmiðja,Фарерские острова,4,2_прибрежное (25-100м),4
http://www.wikidata.org/entity/Q2549572,Warnowwerft Warnemünde,ГДР,34,4_handysize (130-180м),25
http://www.wikidata.org/entity/Q55402501,Vard Brăila,Румыния,55,3_mini-handy (100-130м),14
http://www.wikidata.org/entity/Q2258010,Boelwerf,Бельгия,21,6_panamax (200-295м),5
http://www.wikidata.org/entity/Q2666279,Cassens Werft GmbH,Германия,68,3_mini-handy (100-130м),27
http://www.wikidata.org/entity/Q5210936,Dalian Shipbuilding Industry Company,Китай,287,8_vlcc и крупнее (>330м),52
http://www.wikidata.org/entity/Q5260949,Deptford Dockyard,Великобритания,66,2_прибрежное (25-100м),6
http://www.wikidata.org/entity/Q1439358,Fosen Yard,Норвегия,50,5_handymax (180-200м),3
http://www.wikidata.org/entity/Q2956389,Davie Shipbuilding,Канада,60,6_panamax (200-295м),1
http://www.wikidata.org/entity/Q5599444,Great Lakes Engineering Works,США,28,6_panamax (200-295м),4
http://www.wikidata.org/entity/Q11957113,Akers mekaniske verksted,Норвегия,93,4_handysize (130-180м),10
http://www.wikidata.org/entity/Q7987425,Westermoen Hydrofoil,Норвегия,19,2_прибрежное (25-100м),13
http://www.wikidata.org/entity/Q52263416,Høivolds Mekaniske Verksted,Норвегия,11,2_прибрежное (25-100м),10
http://www.wikidata.org/entity/Q54165976,Maritime Sveiseindustri,Норвегия,3,2_прибрежное (25-100м),3
http://www.wikidata.org/entity/Q108102011,Anadolu Shipyard,Турция,17,4_handysize (130-180м),5
http://www.wikidata.org/entity/Q115162051,Jiangsu Yangzijiang Shipbuilding,Китай,165,4_handysize (130-180м),46
http://www.wikidata.org/entity/Q1073506,Китайская корпорация тяжелого судостроения,Китай,6,7_capesize (295-330м),1
http://www.wikidata.org/entity/Q5389052,Eriksbergs Mekaniska Verkstad,Швеция,106,5_handymax (180-200м),4
http://www.wikidata.org/entity/Q6883239,Mitsui Engineering & Shipbuilding,Япония,62,7_capesize (295-330м),3
http://www.wikidata.org/entity/Q7987425,Westermoen Hydrofoil,Норвегия,19,1_малое (<25м),2
http://www.wikidata.org/entity/Q8010773,William Hamilton and Company,Великобритания,21,4_handysize (130-180м),1
http://www.wikidata.org/entity/Q11162731,Rosenberg Mekaniske Verksted,Норвегия,48,4_handysize (130-180м),6
http://www.wikidata.org/entity/Q11162731,Rosenberg Mekaniske Verksted,Норвегия,48,6_panamax (200-295м),21
http://www.wikidata.org/entity/Q261421,Peene-Werft,Германия,74,3_mini-handy (100-130м),12
http://www.wikidata.org/entity/Q323261,Дешимаг,Нацистская Германия,49,2_прибрежное (25-100м),5
http://www.wikidata.org/entity/Q323261,Дешимаг,Веймарская республика,49,2_прибрежное (25-100м),5
http://www.wikidata.org/entity/Q672038,Escher Wyss & Cie.,Швейцария,10,1_малое (<25м),1
http://www.wikidata.org/entity/Q1676324,Jacobs-Werft,,4,1_малое (<25м),2
http://www.wikidata.org/entity/Q1817824,Uljanik,Хорватия,151,3_mini-handy (100-130м),3
http://www.wikidata.org/entity/Q1817824,Uljanik,Австро-Венгрия,151,3_mini-handy (100-130м),3
http://www.wikidata.org/entity/Q1817824,Uljanik,Югославия,151,3_mini-handy (100-130м),3
http://www.wikidata.org/entity/Q3428923,Джон Коккериль,Бельгия,5,2_прибрежное (25-100м),1
http://www.wikidata.org/entity/Q5613742,CSSC Offshore & Marine Engineering Company,Китай,302,2_прибрежное (25-100м),6
http://www.wikidata.org/entity/Q11890180,Rauma-Repola,Финляндия,61,3_mini-handy (100-130м),13
http://www.wikidata.org/entity/Q13553160,Верфь Китая CSC Jinling Shipyard,Китай,243,2_прибрежное (25-100м),4
http://www.wikidata.org/entity/Q113698960,Chowgule Group,Индия,39,2_прибрежное (25-100м),35
http://www.wikidata.org/entity/Q1103714,Clyde Shipbuilding Company,Великобритания,5,3_mini-handy (100-130м),1
http://www.wikidata.org/entity/Q1307846,Laird Brothers,Соединённое королевство Великобритании и Ирландии,5,2_прибрежное (25-100м),2
http://www.wikidata.org/entity/Q1537695,Goole Shipbuilding and Repairing Company,Великобритания,5,2_прибрежное (25-100м),3
http://www.wikidata.org/entity/Q2295400,Smiths Dock Company,Великобритания,53,4_handysize (130-180м),4
http://www.wikidata.org/entity/Q29569261,Варненский судостроительный завод,Болгария,103,2_прибрежное (25-100м),5
http://www.wikidata.org/entity/Q17193673,Iwagi Zosen,Япония,155,4_handysize (130-180м),43
http://www.wikidata.org/entity/Q489251,HD Hyundai Samho,Республика Корея,586,4_handysize (130-180м),5
http://www.wikidata.org/entity/Q1073506,Китайская корпорация тяжелого судостроения,Китай,6,4_handysize (130-180м),1
http://www.wikidata.org/entity/Q2079531,Peters Werft,Германия,108,4_handysize (130-180м),7
http://www.wikidata.org/entity/Q2549572,Warnowwerft Warnemünde,ГДР,34,6_panamax (200-295м),2
http://www.wikidata.org/entity/Q4332486,Судостроительный завод «Океан»,Украина,13,4_handysize (130-180м),2
http://www.wikidata.org/entity/Q17773943,Fredrikstad Mekaniske Verksted,Норвегия,47,4_handysize (130-180м),9
http://www.wikidata.org/entity/Q22569571,Verolme Scheepswerf Alblasserdam,Нидерланды,6,5_handymax (180-200м),1
http://www.wikidata.org/entity/Q111725979,Płocka Stocznia Rzeczna,Польская Народная Республика,11,2_прибрежное (25-100м),7
http://www.wikidata.org/entity/Q1439358,Fosen Yard,Норвегия,50,3_mini-handy (100-130м),14
http://www.wikidata.org/entity/Q11162731,Rosenberg Mekaniske Verksted,Норвегия,48,3_mini-handy (100-130м),2
http://www.wikidata.org/entity/Q11162731,Rosenberg Mekaniske Verksted,Норвегия,48,5_handymax (180-200м),1
http://www.wikidata.org/entity/Q11794307,Nüscke & Co.,Польша,4,3_mini-handy (100-130м),1
http://www.wikidata.org/entity/Q11794307,Nüscke & Co.,Германия,4,3_mini-handy (100-130м),1
http://www.wikidata.org/entity/Q23042271,Gravdal Skibsbyggeri,Норвегия,24,3_mini-handy (100-130м),2
http://www.wikidata.org/entity/Q100605830,Holen mek. Verksted,Норвегия,3,1_малое (<25м),2
http://www.wikidata.org/entity/Q316438,Deutsche Werft,Германия,66,5_handymax (180-200м),3
http://www.wikidata.org/entity/Q316438,Deutsche Werft,Нацистская Германия,66,5_handymax (180-200м),3
http://www.wikidata.org/entity/Q316438,Deutsche Werft,Веймарская республика,66,5_handymax (180-200м),3
http://www.wikidata.org/entity/Q316438,Deutsche Werft,Германская империя,66,5_handymax (180-200м),3
http://www.wikidata.org/entity/Q316438,Deutsche Werft,Германский рейх,66,5_handymax (180-200м),3
http://www.wikidata.org/entity/Q1197161,Valmet,Финляндия,39,2_прибрежное (25-100м),5
http://www.wikidata.org/entity/Q1455638,Frerichswerft,Германия,8,2_прибрежное (25-100м),7
http://www.wikidata.org/entity/Q2235333,Schiffswerft Christof Ruthof,Германия,10,1_малое (<25м),1
http://www.wikidata.org/entity/Q2880314,Seebeckwerft,Германия,6,5_handymax (180-200м),1
http://www.wikidata.org/entity/Q2880314,Seebeckwerft,Германский рейх,6,5_handymax (180-200м),1
http://www.wikidata.org/entity/Q107072312,Zhoushan Changhong International Shipyard,Китай,8,5_handymax (180-200м),2
http://www.wikidata.org/entity/Q2239612,Schlichting-Werft,Германия,16,3_mini-handy (100-130м),3
http://www.wikidata.org/entity/Q2813947,Uraga Dock Company,Япония,63,2_прибрежное (25-100м),2
http://www.wikidata.org/entity/Q3655753,Кралевица,Хорватия,20,3_mini-handy (100-130м),5
http://www.wikidata.org/entity/Q56161578,Sava Shipyard,Сербия,16,3_mini-handy (100-130м),4
http://www.wikidata.org/entity/Q882348,Volkswerft,Германия,121,4_handysize (130-180м),15
http://www.wikidata.org/entity/Q1016699,Бурмейстер и Вайн,Дания,124,5_handymax (180-200м),2
http://www.wikidata.org/entity/Q1980771,Николаевский судостроительный завод,Украина,110,5_handymax (180-200м),4
http://www.wikidata.org/entity/Q8207464,Imabari Shipbuilding,Япония,566,3_mini-handy (100-130м),22
http://www.wikidata.org/entity/Q20552874,Haugesunds Slip,Норвегия,17,4_handysize (130-180м),5
http://www.wikidata.org/entity/Q56231733,Tsuneishi Miho Shipbuilding,Япония,73,4_handysize (130-180м),8
http://www.wikidata.org/entity/Q71724,Лорьян,Франция,21,3_mini-handy (100-130м),2
http://www.wikidata.org/entity/Q1323171,Fore River Shipyard,США,99,8_vlcc и крупнее (>330м),4
http://www.wikidata.org/entity/Q20081516,Севастопольский морской завод,Россия,5,8_vlcc и крупнее (>330м),2
http://www.wikidata.org/entity/Q20081516,Севастопольский морской завод,Украина,5,8_vlcc и крупнее (>330м),2
http://www.wikidata.org/entity/Q115162051,Jiangsu Yangzijiang Shipbuilding,Китай,165,8_vlcc и крупнее (>330м),4
http://www.wikidata.org/entity/Q5599444,Great Lakes Engineering Works,США,28,4_handysize (130-180м),2
http://www.wikidata.org/entity/Q6750274,Manitowoc Shipbuilding Company,США,10,5_handymax (180-200м),2
http://www.wikidata.org/entity/Q122517306,Terneuzense Scheepsbouw Maatschappij,Нидерланды,4,2_прибрежное (25-100м),4
http://www.wikidata.org/entity/Q135243259,T. van Duijvendijk's Scheepswerf,Нидерланды,6,2_прибрежное (25-100м),6
http://www.wikidata.org/entity/Q124420670,Dae Sun Shipbuilding,Республика Корея,4,4_handysize (130-180м),1
http://www.wikidata.org/entity/Q658546,Constructions industrielles de la Méditerranée,Франция,6,3_mini-handy (100-130м),1
http://www.wikidata.org/entity/Q3700534,Dopravní podnik města Brna,Чехия,3,1_малое (<25м),1
http://www.wikidata.org/entity/Q6137738,James Lamont & Co,Великобритания,12,4_handysize (130-180м),1
http://www.wikidata.org/entity/Q6350748,Haugesund Mekaniske Verksted,Норвегия,5,4_handysize (130-180м),1
http://www.wikidata.org/entity/Q11401869,Kitanihon Shipbuilding,Япония,129,5_handymax (180-200м),1
http://www.wikidata.org/entity/Q1606052,Svendborg Skibsværft,Дания,45,3_mini-handy (100-130м),1
http://www.wikidata.org/entity/Q688581,Arminius-Werke,Германия,22,1_малое (<25м),2
http://www.wikidata.org/entity/Q1769508,Schiffs- und Maschinenbau AG Mannheim,Германия,9,2_прибрежное (25-100м),9
http://www.wikidata.org/entity/Q1973764,Neckarwerft,Германия,4,2_прибрежное (25-100м),4
http://www.wikidata.org/entity/Q2251525,Schulte & Bruns Werft,Германия,8,2_прибрежное (25-100м),7
http://www.wikidata.org/entity/Q11419682,Shikoku Dockyard,Япония,153,5_handymax (180-200м),11
http://www.wikidata.org/entity/Q11875321,Lehtoniemi,Финляндия,5,2_прибрежное (25-100м),1
http://www.wikidata.org/entity/Q16489077,Astilleros de Sevilla,Испания,7,5_handymax (180-200м),1
http://www.wikidata.org/entity/Q17101117,Austin & Pickersgill,Великобритания,27,4_handysize (130-180м),5
http://www.wikidata.org/entity/Q18029550,Werf de Noord,Нидерланды,11,2_прибрежное (25-100м),4
http://www.wikidata.org/entity/Q118110475,De Biesbosch,Нидерланды,10,4_handysize (130-180м),2
http://www.wikidata.org/entity/Q112567704,Bethlehem Key Highway Shipyard,США,6,6_panamax (200-295м),3
http://www.wikidata.org/entity/Q7928998,Vigor Marine Group,США,3,3_mini-handy (100-130м),3
http://www.wikidata.org/entity/Q11269026,Shimanami Shipyard,Япония,123,2_прибрежное (25-100м),12
http://www.wikidata.org/entity/Q11465503,Onomichi Dockyard,Япония,216,2_прибрежное (25-100м),2
http://www.wikidata.org/entity/Q11484094,Imabari Shipbuilding Hiroshima Shipyard,Япония,262,2_прибрежное (25-100м),4
http://www.wikidata.org/entity/Q12740726,Severnav,Румыния,54,2_прибрежное (25-100м),42
http://www.wikidata.org/entity/Q50942088,Groningen Shipyards B.V.,Нидерланды,21,2_прибрежное (25-100м),18
http://www.wikidata.org/entity/Q1417678,Finnboda Shipyard,Швеция,17,4_handysize (130-180м),1
http://www.wikidata.org/entity/Q2061530,Swan Hunter,Великобритания,311,1_малое (<25м),1
http://www.wikidata.org/entity/Q2235342,Korneuburg Schiffswerft,Австрия,7,3_mini-handy (100-130м),1
http://www.wikidata.org/entity/Q2638839,Ferus Smit,Нидерланды,179,4_handysize (130-180м),21
http://www.wikidata.org/entity/Q3655744,Cantiere Navale de Poli S.p.A.,Италия,8,2_прибрежное (25-100м),3
http://www.wikidata.org/entity/Q11522869,Murakami Hide Shipbuilding,Япония,126,6_panamax (200-295м),1
http://www.wikidata.org/entity/Q115573248,Koninklijke Maatschappij De Schelde,Нидерланды,11,5_handymax (180-200м),4
http://www.wikidata.org/entity/Q124281878,Scheepswerf Gebroeders van der Werf,Нидерланды,7,3_mini-handy (100-130м),1
http://www.wikidata.org/entity/Q882348,Volkswerft,Германия,121,5_handymax (180-200м),3
http://www.wikidata.org/entity/Q6889166,Modest Infrastructure,Индия,4,2_прибрежное (25-100м),2
http://www.wikidata.org/entity/Q1003299,Framnæs Mekaniske Værksted,Норвегия,25,2_прибрежное (25-100м),6
http://www.wikidata.org/entity/Q1189406,Nylands mekaniske verksted,Норвегия,304,4_handysize (130-180м),12
http://www.wikidata.org/entity/Q1369698,ENVC Shipyard,Португалия,70,5_handymax (180-200м),2
http://www.wikidata.org/entity/Q2956386,Chantier naval de La Ciotat,Франция,7,4_handysize (130-180м),6
http://www.wikidata.org/entity/Q5389052,Eriksbergs Mekaniska Verkstad,Швеция,106,3_mini-handy (100-130м),5
http://www.wikidata.org/entity/Q16178368,Korea Shipbuilding & Engineering,Республика Корея,7,4_handysize (130-180м),6
http://www.wikidata.org/entity/Q16178368,Korea Shipbuilding & Engineering,Генерал-губернаторство Корея,7,4_handysize (130-180м),6
http://www.wikidata.org/entity/Q52277460,Liaaen Shipyard,Норвегия,15,3_mini-handy (100-130м),1
http://www.wikidata.org/entity/Q108744148,"Scheepswerf Gebr. van Diepen, Waterhuizen",Нидерланды,34,4_handysize (130-180м),8
http://www.wikidata.org/entity/Q124159675,Danyard Frederikshavn,Дания,6,4_handysize (130-180м),8
http://www.wikidata.org/entity/Q1065535,Charles Mitchell and Company,Великобритания,6,2_прибрежное (25-100м),1
http://www.wikidata.org/entity/Q2235355,Henry Koch shipyard,Германия,3,5_handymax (180-200м),1
http://www.wikidata.org/entity/Q11957113,Akers mekaniske verksted,Норвегия,93,6_panamax (200-295м),2
http://www.wikidata.org/entity/Q15411288,Hudong-Zhonghua Shipbuilding,Китай,381,3_mini-handy (100-130м),26
http://www.wikidata.org/entity/Q1790613,Lürssen-Kröger-Werft,,73,4_handysize (130-180м),4
http://www.wikidata.org/entity/Q2594517,Volharding Shipyards,Нидерланды,74,3_mini-handy (100-130м),6
http://www.wikidata.org/entity/Q6449578,Kvaerner Govan,Великобритания,5,6_panamax (200-295м),2
http://www.wikidata.org/entity/Q27987988,Рижская судоверфь,Латвия,9,2_прибрежное (25-100м),8
http://www.wikidata.org/entity/Q489202,Hanwha,Республика Корея,5,8_vlcc и крупнее (>330м),5
http://www.wikidata.org/entity/Q889362,Bodan-Werft,Германия,48,1_малое (<25м),2
http://www.wikidata.org/entity/Q2868912,Ateliers et Chantiers du Havre,Франция,38,5_handymax (180-200м),3
http://www.wikidata.org/entity/Q3655776,Q3655776,Италия,56,3_mini-handy (100-130м),5
http://www.wikidata.org/entity/Q3899900,Perini Navi,Италия,12,2_прибрежное (25-100м),11
http://www.wikidata.org/entity/Q5613742,CSSC Offshore & Marine Engineering Company,Китай,302,8_vlcc и крупнее (>330м),1
http://www.wikidata.org/entity/Q5921291,China Shipping Group,Китай,3,7_capesize (295-330м),1
http://www.wikidata.org/entity/Q10543891,Karlskronavarvet,Швеция,96,4_handysize (130-180м),3
http://www.wikidata.org/entity/Q16575033,Hijos de J. Barreras,Испания,51,3_mini-handy (100-130м),7
http://www.wikidata.org/entity/Q18343360,Ankerløkken Verft,Норвегия,54,6_panamax (200-295м),2
http://www.wikidata.org/entity/Q107072312,Zhoushan Changhong International Shipyard,Китай,8,6_panamax (200-295м),2
http://www.wikidata.org/entity/Q107072485,Jiangsu New Yangzi Shipbuilding,Китай,26,8_vlcc и крупнее (>330м),2
http://www.wikidata.org/entity/Q115168196,Jiangsu Yangzi Xinfu Shipbuilding,Китай,299,4_handysize (130-180м),20
http://www.wikidata.org/entity/Q2289924,Sir James Laing and Sons,Великобритания,8,2_прибрежное (25-100м),1
http://www.wikidata.org/entity/Q4666725,Abels Shipbuilders,,5,2_прибрежное (25-100м),2
http://www.wikidata.org/entity/Q4744979,American Ship Building Company,США,78,4_handysize (130-180м),1
http://www.wikidata.org/entity/Q6802713,McTay Marine,,10,1_малое (<25м),2
http://www.wikidata.org/entity/Q23870433,Uusikaupunki shipyard,Финляндия,7,2_прибрежное (25-100м),5
http://www.wikidata.org/entity/Q57312653,ASL Shipyard,Индонезия,20,2_прибрежное (25-100м),18
http://www.wikidata.org/entity/Q124159675,Danyard Frederikshavn,Дания,6,5_handymax (180-200м),1
http://www.wikidata.org/entity/Q61071109,Халич (верфь),Турция,3,2_прибрежное (25-100м),3
http://www.wikidata.org/entity/Q87594828,Unión Naval de Levante,Испания,25,4_handysize (130-180м),11
http://www.wikidata.org/entity/Q113516515,Astilleros y Construcciones,Испания,4,2_прибрежное (25-100м),1
http://www.wikidata.org/entity/Q134077306,Zaanlandsche Scheepsbouw Maatschappij,Нидерланды,6,2_прибрежное (25-100м),4
http://www.wikidata.org/entity/Q11632310,Kegoya Dock,Япония,63,2_прибрежное (25-100м),38
http://www.wikidata.org/entity/Q6737,Кастелламмаре-ди-Стабия,Италия,9,3_mini-handy (100-130м),2
http://www.wikidata.org/entity/Q2931199,CDK Technologies,Франция,11,1_малое (<25м),6
http://www.wikidata.org/entity/Q2931199,CDK Technologies,Франция,11,2_прибрежное (25-100м),3
http://www.wikidata.org/entity/Q6978703,National Steel and Shipbuilding Company,США,79,7_capesize (295-330м),1
http://www.wikidata.org/entity/Q11990799,Nakskov Skibsværft,Дания,28,2_прибрежное (25-100м),2
http://www.wikidata.org/entity/Q22101730,Ateliers et Chantiers de Saint-Nazaire Penhoët,Франция,32,2_прибрежное (25-100м),1
http://www.wikidata.org/entity/Q30634547,Persico Marine (ITA),,3,1_малое (<25м),1
http://www.wikidata.org/entity/Q30634547,Persico Marine (ITA),,3,2_прибрежное (25-100м),1
http://www.wikidata.org/entity/Q58456899,Multiplast,Франция,8,1_малое (<25м),4
http://www.wikidata.org/entity/Q109680518,Southern Ocean Marine (NZL),Новая Зеландия,5,1_малое (<25м),2
http://www.wikidata.org/entity/Q109680518,Southern Ocean Marine (NZL),Новая Зеландия,5,2_прибрежное (25-100м),1
http://www.wikidata.org/entity/Q110561223,Pauger Composites (HUN),Венгрия,3,2_прибрежное (25-100м),3
http://www.wikidata.org/entity/Q1197161,Valmet,Финляндия,39,6_panamax (200-295м),3
http://www.wikidata.org/entity/Q1197161,Valmet,Финляндия,39,3_mini-handy (100-130м),6
http://www.wikidata.org/entity/Q11890180,Rauma-Repola,Финляндия,61,1_малое (<25м),3
http://www.wikidata.org/entity/Q20391268,Alexandria Shipyard,Египет,13,4_handysize (130-180м),4
http://www.wikidata.org/entity/Q1145749,Nederlandsche Dok en Scheepsbouw Maatschappij,Нидерланды,24,5_handymax (180-200м),2
http://www.wikidata.org/entity/Q1145749,Nederlandsche Dok en Scheepsbouw Maatschappij,Нидерланды,24,4_handysize (130-180м),11
http://www.wikidata.org/entity/Q2463762,Empresa Nacional Bazán,Испания,39,5_handymax (180-200м),3
http://www.wikidata.org/entity/Q4011196,Vickers Shipbuilding and Engineering,Великобритания,31,3_mini-handy (100-130м),2
http://www.wikidata.org/entity/Q4011196,Vickers Shipbuilding and Engineering,Великобритания,31,2_прибрежное (25-100м),1
http://www.wikidata.org/entity/Q16938532,Bethlehem Fairfield Shipyard,,67,6_panamax (200-295м),1
http://www.wikidata.org/entity/Q81472,Цзяннаньский судостроительный завод,Китай,222,2_прибрежное (25-100м),4
http://www.wikidata.org/entity/Q1063973,Charles Connell and Company,Великобритания,43,4_handysize (130-180м),3
http://www.wikidata.org/entity/Q2868912,Ateliers et Chantiers du Havre,Франция,38,2_прибрежное (25-100м),5
http://www.wikidata.org/entity/Q2956389,Davie Shipbuilding,Канада,60,2_прибрежное (25-100м),4
http://www.wikidata.org/entity/Q19385839,Pusnes Mekaniske Verksted,Норвегия,3,2_прибрежное (25-100м),3
http://www.wikidata.org/entity/Q52276452,Hjørungavaag Verksted,Норвегия,16,3_mini-handy (100-130м),2
http://www.wikidata.org/entity/Q55956844,Vaagen Verft,Норвегия,6,3_mini-handy (100-130м),1
http://www.wikidata.org/entity/Q60392782,Chengxi Shipyard,Китай,170,3_mini-handy (100-130м),3
http://www.wikidata.org/entity/Q810783,Bath Iron Works,США,283,8_vlcc и крупнее (>330м),4
http://www.wikidata.org/entity/Q2868920,Ateliers et Chantiers de la Loire,Франция,32,4_handysize (130-180м),4
http://www.wikidata.org/entity/Q1548690,Военно-морская верфь Филадельфии,США,78,6_panamax (200-295м),1
http://www.wikidata.org/entity/Q524435,Нью-Йоркская военно-морская верфь,США,90,8_vlcc и крупнее (>330м),2
http://www.wikidata.org/entity/Q1999049,Norfolk Naval Shipyard,США,55,8_vlcc и крупнее (>330м),1
http://www.wikidata.org/entity/Q6104202,J.L. Thompson and Sons,Великобритания,44,6_panamax (200-295м),1
http://www.wikidata.org/entity/Q7442086,Seattle Construction and Drydock Company,США,14,8_vlcc и крупнее (>330м),1
http://www.wikidata.org/entity/Q7885783,Union Iron Works,США,60,8_vlcc и крупнее (>330м),4
http://www.wikidata.org/entity/Q573094,Заводы Шихау,Пруссия,155,5_handymax (180-200м),3
http://www.wikidata.org/entity/Q573094,Заводы Шихау,Германский рейх,155,5_handymax (180-200м),3
http://www.wikidata.org/entity/Q689159,Армстронг Уитуорт,Великобритания,143,5_handymax (180-200м),3
http://www.wikidata.org/entity/Q703194,Germaniawerft,Германский рейх,118,5_handymax (180-200м),1
http://www.wikidata.org/entity/Q810783,Bath Iron Works,США,283,5_handymax (180-200м),5
http://www.wikidata.org/entity/Q870276,Lloyd Werft,Германия,10,5_handymax (180-200м),1
http://www.wikidata.org/entity/Q1139597,Palmers Shipbuilding and Iron Company,Великобритания,85,5_handymax (180-200м),1
http://www.wikidata.org/entity/Q1252846,Euskalduna,Испания,4,2_прибрежное (25-100м),1
http://www.wikidata.org/entity/Q2535390,Vulkanwerft,Германия,14,5_handymax (180-200м),1
http://www.wikidata.org/entity/Q4834527,BAE Systems Maritime – Naval Ships,Великобритания,7,4_handysize (130-180м),3
http://www.wikidata.org/entity/Q4834533,BAE Systems Surface Fleet Solutions,Великобритания,3,4_handysize (130-180м),3
http://www.wikidata.org/entity/Q1612886,Hermann Sürken,Германия,35,3_mini-handy (100-130м),5
http://www.wikidata.org/entity/Q4190363,Зеленодольский завод имени А. М. Горького,,148,2_прибрежное (25-100м),6
http://www.wikidata.org/entity/Q805723,"Baltijos laivų statykla, AB",Литва,34,2_прибрежное (25-100м),25
http://www.wikidata.org/entity/Q30895274,ОСТОН - завод имени С.М. Кирова,Россия,17,2_прибрежное (25-100м),14
http://www.wikidata.org/entity/Q56711451,Drammen Slip & Verksted,Норвегия,13,4_handysize (130-180м),4
http://www.wikidata.org/entity/Q1029631,Cammell Laird,Великобритания,257,8_vlcc и крупнее (>330м),2
http://www.wikidata.org/entity/Q1408079,Kockums,Швеция,124,7_capesize (295-330м),1
http://www.wikidata.org/entity/Q3348682,Oceanco,Нидерланды,31,2_прибрежное (25-100м),26
http://www.wikidata.org/entity/Q4810564,Astarsa,Аргентина,7,2_прибрежное (25-100м),1
http://www.wikidata.org/entity/Q5709680,Astilleros Españoles,Испания,12,8_vlcc и крупнее (>330м),1
http://www.wikidata.org/entity/Q10275472,Estaleiro Mauá,Бразилия,19,3_mini-handy (100-130м),2
http://www.wikidata.org/entity/Q11401869,Kitanihon Shipbuilding,Япония,129,2_прибрежное (25-100м),15
http://www.wikidata.org/entity/Q19373646,Harding Verft,Норвегия,9,4_handysize (130-180м),1
http://www.wikidata.org/entity/Q85717793,Damen Shipyards Gorinchem,Нидерланды,273,3_mini-handy (100-130м),2
http://www.wikidata.org/entity/Q1549803,Robert Duncan and Co.,Великобритания,7,4_handysize (130-180м),1
http://www.wikidata.org/entity/Q2956390,Mazagon Dock Shipbuilders,Индия,27,4_handysize (130-180м),1
http://www.wikidata.org/entity/Q16489077,Astilleros de Sevilla,Испания,7,3_mini-handy (100-130м),1
http://www.wikidata.org/entity/Q109101856,Nieuwe Noord-Nederlandsche Scheepswerven,Нидерланды,22,3_mini-handy (100-130м),1
http://www.wikidata.org/entity/Q52277460,Liaaen Shipyard,Норвегия,15,2_прибрежное (25-100м),12
http://www.wikidata.org/entity/Q55998846,Sefine Shipyard,Турция,14,2_прибрежное (25-100м),11
http://www.wikidata.org/entity/Q57305687,Blaalid AS,Норвегия,9,2_прибрежное (25-100м),7
http://www.wikidata.org/entity/Q3655755,Cantiere navale di Riva Trigoso,Италия,5,4_handysize (130-180м),3
http://www.wikidata.org/entity/Q5065603,Cestné a Stavebné Mechanizmy Tisovec,Словакия,143,2_прибрежное (25-100м),6
http://www.wikidata.org/entity/Q5253340,Delaware River Iron Ship Building and Engine Works,,15,6_panamax (200-295м),1
http://www.wikidata.org/entity/Q11502553,Shinkurushima Toyohashi Shipbuilding,Япония,180,2_прибрежное (25-100м),2
http://www.wikidata.org/entity/Q11956623,Seutelvens verksted,Норвегия,3,2_прибрежное (25-100м),3
http://www.wikidata.org/entity/Q22101730,Ateliers et Chantiers de Saint-Nazaire Penhoët,Франция,32,5_handymax (180-200м),3
http://www.wikidata.org/entity/Q320012,Flender Werke,Германия,103,2_прибрежное (25-100м),9
http://www.wikidata.org/entity/Q320012,Flender Werke,Нацистская Германия,103,2_прибрежное (25-100м),9
http://www.wikidata.org/entity/Q320012,Flender Werke,Германский рейх,103,2_прибрежное (25-100м),9
http://www.wikidata.org/entity/Q748148,Kawasaki Heavy Industries,Япония,94,7_capesize (295-330м),3
http://www.wikidata.org/entity/Q2628643,Северное машиностроительное предприятие,Россия,11,2_прибрежное (25-100м),7
http://www.wikidata.org/entity/Q4650301,ABG Shipyard,Индия,9,3_mini-handy (100-130м),4
http://www.wikidata.org/entity/Q17747474,Malta Shipbuilding,Мальта,5,4_handysize (130-180м),2
http://www.wikidata.org/entity/Q22569571,Verolme Scheepswerf Alblasserdam,Нидерланды,6,4_handysize (130-180м),5
http://www.wikidata.org/entity/Q60390540,Yangzhou Binjiang Shipbuilding,Китай,201,3_mini-handy (100-130м),7
http://www.wikidata.org/entity/Q61389895,Astilleros de Murueta,Испания,22,2_прибрежное (25-100м),16
http://www.wikidata.org/entity/Q106366881,Falkenbergs Varv,Швеция,11,2_прибрежное (25-100м),8
http://www.wikidata.org/entity/Q121688957,Shipkits,Нидерланды,11,2_прибрежное (25-100м),7
http://www.wikidata.org/entity/Q122732470,De Merwede,Нидерланды,10,4_handysize (130-180м),4
http://www.wikidata.org/entity/Q897756,Heinrich Brand Schiffswerft,Германия,14,3_mini-handy (100-130м),5
http://www.wikidata.org/entity/Q1008067,Ganz-Danubius,Венгрия,18,2_прибрежное (25-100м),11
http://www.wikidata.org/entity/Q1778277,Odense Steel Shipyard,Дания,188,3_mini-handy (100-130м),5
http://www.wikidata.org/entity/Q2549572,Warnowwerft Warnemünde,ГДР,34,2_прибрежное (25-100м),2
http://www.wikidata.org/entity/Q5155378,Companhia União Fabril,Португалия,3,2_прибрежное (25-100м),3
http://www.wikidata.org/entity/Q7007381,New England Shipbuilding Corporation,США,14,4_handysize (130-180м),1
http://www.wikidata.org/entity/Q7449144,Seatrium Limited,,11,2_прибрежное (25-100м),5
http://www.wikidata.org/entity/Q10670563,Skredsvik shipyard,Швеция,3,1_малое (<25м),6
http://www.wikidata.org/entity/Q10727553,Öresund shipyard,Швеция,63,1_малое (<25м),2
http://www.wikidata.org/entity/Q12317546,"Hvide Sande Shipyard, Steel & Service",Дания,13,2_прибрежное (25-100м),3
http://www.wikidata.org/entity/Q19889154,Q19889154,,3,1_малое (<25м),2
http://www.wikidata.org/entity/Q19896633,Sjötorp shipyard,,8,1_малое (<25м),3
http://www.wikidata.org/entity/Q47147176,Karmsund Maritime Service,Норвегия,5,2_прибрежное (25-100м),4
http://www.wikidata.org/entity/Q47455441,Westcon Yards,Норвегия,13,2_прибрежное (25-100м),10
http://www.wikidata.org/entity/Q52503428,Sletta Båtbyggeri,Норвегия,12,2_прибрежное (25-100м),8
http://www.wikidata.org/entity/Q886896,Blyth Shipbuilding Company,Великобритания,16,4_handysize (130-180м),1
http://www.wikidata.org/entity/Q5604346,Greenock Dockyard Company,Великобритания,16,4_handysize (130-180м),4
http://www.wikidata.org/entity/Q24860611,Yamanishi Zosen,Япония,23,3_mini-handy (100-130м),4
http://www.wikidata.org/entity/Q1068204,Чатемская верфь,Великобритания,109,2_прибрежное (25-100м),9
http://www.wikidata.org/entity/Q1888079,Портсмут,Великобритания,92,6_panamax (200-295м),1
http://www.wikidata.org/entity/Q317300,Kaiserliche Werft Wilhelmshaven,Германия,17,3_mini-handy (100-130м),6
http://www.wikidata.org/entity/Q317300,Kaiserliche Werft Wilhelmshaven,Германская империя,17,3_mini-handy (100-130м),6
http://www.wikidata.org/entity/Q1068204,Чатемская верфь,Великобритания,109,3_mini-handy (100-130м),2
http://www.wikidata.org/entity/Q1475054,Furness Withy,Великобритания,12,5_handymax (180-200м),1
http://www.wikidata.org/entity/Q2295400,Smiths Dock Company,Великобритания,53,3_mini-handy (100-130м),1
http://www.wikidata.org/entity/Q9630884,Arsenal do Alfeite,Португалия,3,3_mini-handy (100-130м),1
http://www.wikidata.org/entity/Q657784,Mare Island NSY,США,48,6_panamax (200-295м),2
http://www.wikidata.org/entity/Q763386,Brest Arsenal,Франция,44,4_handysize (130-180м),1
http://www.wikidata.org/entity/Q54175541,Leirvik Sveis,Норвегия,3,2_прибрежное (25-100м),2
http://www.wikidata.org/entity/Q55947781,Havyard Ship Technology,Норвегия,71,4_handysize (130-180м),4
http://www.wikidata.org/entity/Q113462651,Honda Heavy Industries,Япония,73,4_handysize (130-180м),8
http://www.wikidata.org/entity/Q261421,Peene-Werft,Германия,74,2_прибрежное (25-100м),19
http://www.wikidata.org/entity/Q2082380,Bethlehem Shipbuilding,США,273,8_vlcc и крупнее (>330м),1
http://www.wikidata.org/entity/Q3523533,Hindustan Shipyard,Индия,13,4_handysize (130-180м),1
http://www.wikidata.org/entity/Q22266452,Astilleros Armón Vigo,Испания,48,3_mini-handy (100-130м),2
http://www.wikidata.org/entity/Q55855572,Shandong Baibuting Shipbuilding,Китай,7,3_mini-handy (100-130м),2
http://www.wikidata.org/entity/Q83981618,Bijlsma Wartena,Нидерланды,27,2_прибрежное (25-100м),19
http://www.wikidata.org/entity/Q99693171,Marmara Tersanesi,Турция,10,3_mini-handy (100-130м),4
http://www.wikidata.org/entity/Q327429,Wärtsilä,Финляндия,90,3_mini-handy (100-130м),12
http://www.wikidata.org/entity/Q950580,Damen Shipyards Group,Нидерланды,55,1_малое (<25м),2
http://www.wikidata.org/entity/Q2944983,Crichton-Vulcan,Финляндия,29,4_handysize (130-180м),9
http://www.wikidata.org/entity/Q4686063,Damen Shipyards Galați,Румыния,181,5_handymax (180-200м),6
http://www.wikidata.org/entity/Q86838057,Q86838057,Нидерланды,3,3_mini-handy (100-130м),2
http://www.wikidata.org/entity/Q1322484,Ekensberg shipyard,Швеция,5,2_прибрежное (25-100м),1
http://www.wikidata.org/entity/Q1778277,Odense Steel Shipyard,Дания,188,2_прибрежное (25-100м),14
http://www.wikidata.org/entity/Q4939795,Bollinger Shipyards,США,14,3_mini-handy (100-130м),1
http://www.wikidata.org/entity/Q8048969,Yantai Raffles Shipyard,Китай,11,6_panamax (200-295м),1
http://www.wikidata.org/entity/Q30299580,Båtservice Mandal Verft,Норвегия,18,1_малое (<25м),1
http://www.wikidata.org/entity/Q60989335,Wuhu Shipyard,Китай,16,3_mini-handy (100-130м),4
http://www.wikidata.org/entity/Q135318427,Norrköpings Varv & Verkstad,Швеция,4,2_прибрежное (25-100м),2
http://www.wikidata.org/entity/Q56239761,Thecla Bodewes Shipyards,Нидерланды,13,3_mini-handy (100-130м),2
http://www.wikidata.org/entity/Q102128174,Cockerill-Ougrée,Бельгия,11,4_handysize (130-180м),6
http://www.wikidata.org/entity/Q1808912,Sumitomo Heavy Industries,Япония,165,2_прибрежное (25-100м),5
http://www.wikidata.org/entity/Q11465503,Onomichi Dockyard,Япония,216,3_mini-handy (100-130м),3
http://www.wikidata.org/entity/Q12501564,PT PAL,Индонезия,5,3_mini-handy (100-130м),2
http://www.wikidata.org/entity/Q17190616,I-S Shipyard,Япония,71,3_mini-handy (100-130м),3
http://www.wikidata.org/entity/Q652491,Orenstein & Koppel,Германия,30,3_mini-handy (100-130м),14
http://www.wikidata.org/entity/Q1417678,Finnboda Shipyard,Швеция,17,3_mini-handy (100-130м),1
http://www.wikidata.org/entity/Q2205021,Atlas Werke,Германия,8,4_handysize (130-180м),3
http://www.wikidata.org/entity/Q2205021,Atlas Werke,Германский рейх,8,4_handysize (130-180м),3
http://www.wikidata.org/entity/Q3428923,Джон Коккериль,Бельгия,5,4_handysize (130-180м),2
http://www.wikidata.org/entity/Q16295511,"Wood, Skinner & Co.",Великобритания,6,3_mini-handy (100-130м),1
http://www.wikidata.org/entity/Q47121943,Storvik Mekaniske Verksted,Норвегия,16,3_mini-handy (100-130м),3
http://www.wikidata.org/entity/Q320012,Flender Werke,Германия,103,3_mini-handy (100-130м),13
http://www.wikidata.org/entity/Q320012,Flender Werke,Нацистская Германия,103,3_mini-handy (100-130м),13
http://www.wikidata.org/entity/Q320012,Flender Werke,Германский рейх,103,3_mini-handy (100-130м),13
http://www.wikidata.org/entity/Q641314,Deutsche Werke,Германский рейх,20,8_vlcc и крупнее (>330м),2
http://www.wikidata.org/entity/Q1297442,Moss Verft,Норвегия,45,4_handysize (130-180м),5
http://www.wikidata.org/entity/Q1571257,"Hall, Russell & Company",Великобритания,832,4_handysize (130-180м),2
http://www.wikidata.org/entity/Q1973983,Nederlandse Scheepsbouw Maatschappij,Нидерланды,79,8_vlcc и крупнее (>330м),3
http://www.wikidata.org/entity/Q2880314,Seebeckwerft,Германия,6,6_panamax (200-295м),1
http://www.wikidata.org/entity/Q2880314,Seebeckwerft,Германский рейх,6,6_panamax (200-295м),1
http://www.wikidata.org/entity/Q2956394,Chantiers Dubigeon,Франция,33,1_малое (<25м),1
http://www.wikidata.org/entity/Q10562558,Lindholmen Shipyard,Швеция,40,3_mini-handy (100-130м),4
http://www.wikidata.org/entity/Q11158393,Aker Solutions Stord,Норвегия,25,7_capesize (295-330м),4
http://www.wikidata.org/entity/Q16569543,Freire Shipyard,Испания,11,2_прибрежное (25-100м),9
http://www.wikidata.org/entity/Q25067052,Jongert,Нидерланды,4,2_прибрежное (25-100м),1
http://www.wikidata.org/entity/Q25425169,Trønderverftet,Норвегия,28,3_mini-handy (100-130м),1
http://www.wikidata.org/entity/Q123865141,Weihai Donghai Shipyard,Китай,10,3_mini-handy (100-130м),5
http://www.wikidata.org/entity/Q123865141,Weihai Donghai Shipyard,Китай,10,2_прибрежное (25-100м),5
http://www.wikidata.org/entity/Q124418673,Huanghai Shipbuilding,Китай,5,3_mini-handy (100-130м),1
http://www.wikidata.org/entity/Q5522292,Garden Reach Shipbuilders & Engineers,Индия,34,2_прибрежное (25-100м),7
http://www.wikidata.org/entity/Q47121943,Storvik Mekaniske Verksted,Норвегия,16,1_малое (<25м),1
http://www.wikidata.org/entity/Q55998846,Sefine Shipyard,Турция,14,4_handysize (130-180м),3
http://www.wikidata.org/entity/Q385426,Babcock International,Великобритания,4,2_прибрежное (25-100м),2
http://www.wikidata.org/entity/Q478752,Amsterdamsche Droogdok Maatschappij,Нидерланды,3,4_handysize (130-180м),1
http://www.wikidata.org/entity/Q478752,Amsterdamsche Droogdok Maatschappij,Нидерланды,3,2_прибрежное (25-100м),2
http://www.wikidata.org/entity/Q1297442,Moss Verft,Норвегия,45,1_малое (<25м),1
http://www.wikidata.org/entity/Q1322484,Ekensberg shipyard,Швеция,5,3_mini-handy (100-130м),2
http://www.wikidata.org/entity/Q1333820,Elsfleth Shipyard,Германия,22,3_mini-handy (100-130м),2
http://www.wikidata.org/entity/Q2085829,Израильские верфи,Израиль,6,2_прибрежное (25-100м),3
http://www.wikidata.org/entity/Q2944983,Crichton-Vulcan,Финляндия,29,2_прибрежное (25-100м),9
http://www.wikidata.org/entity/Q11957113,Akers mekaniske verksted,Норвегия,93,8_vlcc и крупнее (>330м),1
http://www.wikidata.org/entity/Q17537921,Arsenal de Rochefort,Франция,31,2_прибрежное (25-100м),1
http://www.wikidata.org/entity/Q86718824,Sarpsborg Mekaniske Verksted,Норвегия,12,3_mini-handy (100-130м),5
http://www.wikidata.org/entity/Q109478920,E.J. Smit & Zoon's Scheepswerven,Нидерланды,19,4_handysize (130-180м),1
http://www.wikidata.org/entity/Q502940,General Dynamics,США,7,6_panamax (200-295м),3
http://www.wikidata.org/entity/Q2210180,ИХЦ,Нидерланды,61,5_handymax (180-200м),1
http://www.wikidata.org/entity/Q18029550,Werf de Noord,Нидерланды,11,4_handysize (130-180м),5
http://www.wikidata.org/entity/Q84569580,Boele's Scheepswerven & Machinefabriek,Нидерланды,10,4_handysize (130-180м),5
http://www.wikidata.org/entity/Q637673,Wilton-Fijenoord,Нидерланды,30,4_handysize (130-180м),10
http://www.wikidata.org/entity/Q763331,August Pahl,Германия,3,3_mini-handy (100-130м),1
http://www.wikidata.org/entity/Q1571257,"Hall, Russell & Company",Великобритания,832,3_mini-handy (100-130м),3
http://www.wikidata.org/entity/Q1882681,P. Smit Jr.,Нидерланды,12,4_handysize (130-180м),9
http://www.wikidata.org/entity/Q2043009,Verolme,Нидерланды,5,4_handysize (130-180м),2
http://www.wikidata.org/entity/Q2499714,Upper Clyde Shipbuilders,Великобритания,7,5_handymax (180-200м),1
http://www.wikidata.org/entity/Q2792393,Cockerill Yards,Бельгия,11,4_handysize (130-180м),5
http://www.wikidata.org/entity/Q765925,Chantiers de l'Atlantique,Франция,168,7_capesize (295-330м),10
http://www.wikidata.org/entity/Q1184638,Schiffbau-Gesellschaft Unterweser,Германия,6,2_прибрежное (25-100м),5
http://www.wikidata.org/entity/Q4219718,Керченский судостроительный завод,Россия,39,6_panamax (200-295м),6
http://www.wikidata.org/entity/Q4219718,Керченский судостроительный завод,Украина,39,6_panamax (200-295м),6
http://www.wikidata.org/entity/Q5389052,Eriksbergs Mekaniska Verkstad,Швеция,106,7_capesize (295-330м),1
http://www.wikidata.org/entity/Q19374770,Horten Verft,Норвегия,21,6_panamax (200-295м),2
http://www.wikidata.org/entity/Q122212865,Scheepswerf Bijlholt,Нидерланды,8,2_прибрежное (25-100м),8
http://www.wikidata.org/entity/Q1016857,Burntisland Shipbuilding Company,Великобритания,17,2_прибрежное (25-100м),2
http://www.wikidata.org/entity/Q1406235,Ferguson Shipbuilders,Великобритания,65,4_handysize (130-180м),6
http://www.wikidata.org/entity/Q1417678,Finnboda Shipyard,Швеция,17,2_прибрежное (25-100м),3
http://www.wikidata.org/entity/Q2148016,Rheinwerft Walsum,Германия,4,2_прибрежное (25-100м),3
http://www.wikidata.org/entity/Q2205021,Atlas Werke,Германия,8,3_mini-handy (100-130м),1
http://www.wikidata.org/entity/Q2205021,Atlas Werke,Германский рейх,8,3_mini-handy (100-130м),1
http://www.wikidata.org/entity/Q2814406,Fujinagata Shipyards,Япония,33,4_handysize (130-180м),1
http://www.wikidata.org/entity/Q2944983,Crichton-Vulcan,Финляндия,29,3_mini-handy (100-130м),4
http://www.wikidata.org/entity/Q10520540,Helsingborgs Varfs AB,Швеция,5,3_mini-handy (100-130м),2
http://www.wikidata.org/entity/Q111633923,"Gebroeders Pot, Bolnes",Нидерланды,9,4_handysize (130-180м),1
http://www.wikidata.org/entity/Q135318427,Norrköpings Varv & Verkstad,Швеция,4,3_mini-handy (100-130м),2
http://www.wikidata.org/entity/Q5895169,Hong Kong and Whampoa Dock,Китай,10,3_mini-handy (100-130м),1
http://www.wikidata.org/entity/Q6103890,J.A. Jones Construction,,56,4_handysize (130-180м),1
http://www.wikidata.org/entity/Q7589020,St. Johns River Shipbuilding Company,США,9,4_handysize (130-180м),1
http://www.wikidata.org/entity/Q67083915,Bergen Group BMV,Норвегия,8,4_handysize (130-180м),5
http://www.wikidata.org/entity/Q111058859,Scheepswerf Harlingen,Нидерланды,10,2_прибрежное (25-100м),10
http://www.wikidata.org/entity/Q53238,Hitachi,Япония,3,4_handysize (130-180м),2
http://www.wikidata.org/entity/Q20065184,"Workman, Clark and Company",Великобритания,50,8_vlcc и крупнее (>330м),1
http://www.wikidata.org/entity/Q20065184,"Workman, Clark and Company",Великобритания,50,2_прибрежное (25-100м),3
http://www.wikidata.org/entity/Q20474542,Denizcilik Bankası,Турция,3,3_mini-handy (100-130м),2
http://www.wikidata.org/entity/Q86718824,Sarpsborg Mekaniske Verksted,Норвегия,12,2_прибрежное (25-100м),3
http://www.wikidata.org/entity/Q81472,Цзяннаньский судостроительный завод,Китай,222,3_mini-handy (100-130м),3
http://www.wikidata.org/entity/Q1774285,Kleven Verft,Норвегия,106,5_handymax (180-200м),2
http://www.wikidata.org/entity/Q2235329,Schiffswerft Ernst Menzer,Германия,5,3_mini-handy (100-130м),1
http://www.wikidata.org/entity/Q2297404,3. Maj,Хорватия,126,3_mini-handy (100-130м),2
http://www.wikidata.org/entity/Q2297404,3. Maj,Австро-Венгрия,126,3_mini-handy (100-130м),2
http://www.wikidata.org/entity/Q2297404,3. Maj,Югославия,126,3_mini-handy (100-130м),2
http://www.wikidata.org/entity/Q10542877,Kalmar shipyard,Швеция,10,3_mini-handy (100-130м),1
http://www.wikidata.org/entity/Q59240911,Sebastià Pujol i Ribes,,4,3_mini-handy (100-130м),1
http://www.wikidata.org/entity/Q111633923,"Gebroeders Pot, Bolnes",Нидерланды,9,3_mini-handy (100-130м),2
http://www.wikidata.org/entity/Q4680167,Constanța Shipyard,Румыния,34,2_прибрежное (25-100м),2
http://www.wikidata.org/entity/Q11592949,Fukuoka Shipbuilding,Япония,141,1_малое (<25м),1
http://www.wikidata.org/entity/Q795618,BBG Bootsbau Berlin,Германия,11,2_прибрежное (25-100м),6
http://www.wikidata.org/entity/Q820324,Bergsunds Mekaniska Verkstad,Швеция,22,1_малое (<25м),2
http://www.wikidata.org/entity/Q1362430,Lübecker Maschinenbau Gesellschaft,Германия,8,2_прибрежное (25-100м),2
http://www.wikidata.org/entity/Q560947,Nordseewerke,Германия,131,3_mini-handy (100-130м),1
http://www.wikidata.org/entity/Q946123,Rotterdamsche Droogdok Maatschappij,Нидерланды,28,4_handysize (130-180м),8
http://www.wikidata.org/entity/Q2239612,Schlichting-Werft,Германия,16,4_handysize (130-180м),3
http://www.wikidata.org/entity/Q122182294,Астраханская судоверфь,Россия,4,2_прибрежное (25-100м),2
http://www.wikidata.org/entity/Q845786,Cockerill-Sambre,Бельгия,7,6_panamax (200-295м),1
http://www.wikidata.org/entity/Q1397597,Fassmer,Германия,36,1_малое (<25м),5
http://www.wikidata.org/entity/Q1471588,Óbuda Shipyard,Венгрия,5,2_прибрежное (25-100м),2
http://www.wikidata.org/entity/Q1559702,Götaverken,Швеция,90,3_mini-handy (100-130м),9
http://www.wikidata.org/entity/Q2151069,"Richardson, Duck and Company",Великобритания,26,3_mini-handy (100-130м),1
http://www.wikidata.org/entity/Q2792393,Cockerill Yards,Бельгия,11,6_panamax (200-295м),1
http://www.wikidata.org/entity/Q7812630,Todd Pacific Shipyards,США,3,4_handysize (130-180м),1
http://www.wikidata.org/entity/Q16606610,Metalships & Docks,Испания,10,4_handysize (130-180м),8
http://www.wikidata.org/entity/Q26258863,Czechoslovak shipping company Labská,Чехия,10,2_прибрежное (25-100м),10
http://www.wikidata.org/entity/Q47108264,Båtbygg AS,Норвегия,3,2_прибрежное (25-100м),3
http://www.wikidata.org/entity/Q2298785,Van der Giessen de Noord,Нидерланды,81,2_прибрежное (25-100м),16
http://www.wikidata.org/entity/Q2578470,William Denny and Brothers,Великобритания,170,8_vlcc и крупнее (>330м),1
http://www.wikidata.org/entity/Q3394955,Astilleros y Talleres del Noroeste,Испания,4,3_mini-handy (100-130м),1
http://www.wikidata.org/entity/Q6741882,Malaysia Marine and Heavy Engineering,Малайзия,3,5_handymax (180-200м),1
http://www.wikidata.org/entity/Q10852472,Vard Group,Норвегия,8,4_handysize (130-180м),3
http://www.wikidata.org/entity/Q14552001,Jansen-Werft,Германия,42,4_handysize (130-180м),5
http://www.wikidata.org/entity/Q56121072,Damen Yichang Shipyard,Китай,43,2_прибрежное (25-100м),9
http://www.wikidata.org/entity/Q111633923,"Gebroeders Pot, Bolnes",Нидерланды,9,2_прибрежное (25-100м),6
http://www.wikidata.org/entity/Q112567704,Bethlehem Key Highway Shipyard,США,6,5_handymax (180-200м),1
http://www.wikidata.org/entity/Q115051301,De Haan & Oerlemans,Нидерланды,4,2_прибрежное (25-100м),4
http://www.wikidata.org/entity/Q483564,STX Offshore & Shipbuilding,Республика Корея,112,3_mini-handy (100-130м),10
http://www.wikidata.org/entity/Q483564,STX Offshore & Shipbuilding,Республика Корея,112,4_handysize (130-180м),7
http://www.wikidata.org/entity/Q1073329,China Merchants,Китай,6,4_handysize (130-180м),2
http://www.wikidata.org/entity/Q16536348,Ships built at Cantiere Navale Mario Morini,Италия,6,3_mini-handy (100-130м),2
http://www.wikidata.org/entity/Q18343360,Ankerløkken Verft,Норвегия,54,3_mini-handy (100-130м),4
http://www.wikidata.org/entity/Q1189406,Nylands mekaniske verksted,Норвегия,304,6_panamax (200-295м),1
http://www.wikidata.org/entity/Q4128552,Выборгский судостроительный завод,Россия,56,2_прибрежное (25-100м),19
http://www.wikidata.org/entity/Q11466212,Yamanaka Shipbuilding,Япония,73,3_mini-handy (100-130м),1
http://www.wikidata.org/entity/Q56121072,Damen Yichang Shipyard,Китай,43,4_handysize (130-180м),17
http://www.wikidata.org/entity/Q59535663,Marine Projects (Poland),Польша,6,2_прибрежное (25-100м),6
http://www.wikidata.org/entity/Q106103966,Hong Ha Shipbuilding Company,Вьетнам,3,2_прибрежное (25-100м),3
http://www.wikidata.org/entity/Q115162051,Jiangsu Yangzijiang Shipbuilding,Китай,165,2_прибрежное (25-100м),4
http://www.wikidata.org/entity/Q27432,Bethlehem Steel,США,122,8_vlcc и крупнее (>330м),1
http://www.wikidata.org/entity/Q1408079,Kockums,Швеция,124,3_mini-handy (100-130м),2
http://www.wikidata.org/entity/Q2279934,Short Brothers of Sunderland,Великобритания,12,8_vlcc и крупнее (>330м),1
http://www.wikidata.org/entity/Q2579015,William Gray & Company,Великобритания,43,2_прибрежное (25-100м),1
http://www.wikidata.org/entity/Q6711338,Lödöse Varv AB,Швеция,4,2_прибрежное (25-100м),3
http://www.wikidata.org/entity/Q10562558,Lindholmen Shipyard,Швеция,40,2_прибрежное (25-100м),5
http://www.wikidata.org/entity/Q17101117,Austin & Pickersgill,Великобритания,27,8_vlcc и крупнее (>330м),1
http://www.wikidata.org/entity/Q22101730,Ateliers et Chantiers de Saint-Nazaire Penhoët,Франция,32,3_mini-handy (100-130м),3
http://www.wikidata.org/entity/Q1297442,Moss Verft,Норвегия,45,3_mini-handy (100-130м),8
http://www.wikidata.org/entity/Q2043455,P+S Werften,Германия,31,2_прибрежное (25-100м),17
http://www.wikidata.org/entity/Q2477530,Ulstein Verft,Норвегия,95,4_handysize (130-180м),8
http://www.wikidata.org/entity/Q56239772,Q56239772,Сербия,5,2_прибрежное (25-100м),3
http://www.wikidata.org/entity/Q86718824,Sarpsborg Mekaniske Verksted,Норвегия,12,4_handysize (130-180м),2
http://www.wikidata.org/entity/Q2880314,Seebeckwerft,Германия,6,4_handysize (130-180м),2
http://www.wikidata.org/entity/Q2880314,Seebeckwerft,Германский рейх,6,4_handysize (130-180м),2
http://www.wikidata.org/entity/Q3880846,Odero-Terni-Orlando,Италия,23,2_прибрежное (25-100м),1
http://www.wikidata.org/entity/Q568913,Штулкен,Германия,33,1_малое (<25м),6
http://www.wikidata.org/entity/Q568913,Штулкен,Германский рейх,33,1_малое (<25м),6
http://www.wikidata.org/entity/Q1030916,Camper and Nicholsons,Великобритания,14,2_прибрежное (25-100м),8
http://www.wikidata.org/entity/Q2803924,Royal Huisman,Нидерланды,13,2_прибрежное (25-100м),10
http://www.wikidata.org/entity/Q3348682,Oceanco,Нидерланды,31,3_mini-handy (100-130м),6
http://www.wikidata.org/entity/Q4122988,Волгоградский судостроительный завод,Россия,67,3_mini-handy (100-130м),6
http://www.wikidata.org/entity/Q14552001,Jansen-Werft,Германия,42,3_mini-handy (100-130м),6
http://www.wikidata.org/entity/Q19896633,Sjötorp shipyard,,8,2_прибрежное (25-100м),8
http://www.wikidata.org/entity/Q159766,Голландская Ост-Индская компания,Республика Соединённых провинций,5,4_handysize (130-180м),1
http://www.wikidata.org/entity/Q1267285,Husumer Schiffswerft,Германия,63,3_mini-handy (100-130м),3
http://www.wikidata.org/entity/Q1734030,Карлин,Чехия,4,2_прибрежное (25-100м),1
http://www.wikidata.org/entity/Q2262344,Seaspan Marine Corporation,,5,2_прибрежное (25-100м),1
http://www.wikidata.org/entity/Q48945160,Гороховецкий судостроительный завод,Россия,20,2_прибрежное (25-100м),12
http://www.wikidata.org/entity/Q1980771,Николаевский судостроительный завод,Украина,110,2_прибрежное (25-100м),5
http://www.wikidata.org/entity/Q83981618,Bijlsma Wartena,Нидерланды,27,4_handysize (130-180м),4
http://www.wikidata.org/entity/Q55855572,Shandong Baibuting Shipbuilding,Китай,7,2_прибрежное (25-100м),4
http://www.wikidata.org/entity/Q56121139,Atlanticeagle Shipbuilding,Португалия,4,2_прибрежное (25-100м),2
http://www.wikidata.org/entity/Q121688957,Shipkits,Нидерланды,11,3_mini-handy (100-130м),4
http://www.wikidata.org/entity/Q85717793,Damen Shipyards Gorinchem,Нидерланды,273,4_handysize (130-180м),9
http://www.wikidata.org/entity/Q104520574,Veka Shipyard Lemmer,Нидерланды,29,4_handysize (130-180м),5
http://www.wikidata.org/entity/Q41572,Николаев,Украина,4,6_panamax (200-295м),1
http://www.wikidata.org/entity/Q2235329,Schiffswerft Ernst Menzer,Германия,5,2_прибрежное (25-100м),2
http://www.wikidata.org/entity/Q3437865,Bergen Mekaniske Verksted,Норвегия,117,3_mini-handy (100-130м),6
http://www.wikidata.org/entity/Q3437865,Bergen Mekaniske Verksted,Норвегия,117,5_handymax (180-200м),3
http://www.wikidata.org/entity/Q5709680,Astilleros Españoles,Испания,12,3_mini-handy (100-130м),2
http://www.wikidata.org/entity/Q26710910,Koninklijke De Vries Scheepsbouw,Нидерланды,37,2_прибрежное (25-100м),37
http://www.wikidata.org/entity/Q52287703,Søviknes Verft,Норвегия,56,4_handysize (130-180м),7
http://www.wikidata.org/entity/Q55956844,Vaagen Verft,Норвегия,6,2_прибрежное (25-100м),4
http://www.wikidata.org/entity/Q84609765,Royal Van Lent,Нидерланды,51,2_прибрежное (25-100м),41
http://www.wikidata.org/entity/Q483564,STX Offshore & Shipbuilding,Республика Корея,112,7_capesize (295-330м),4
http://www.wikidata.org/entity/Q658546,Constructions industrielles de la Méditerranée,Франция,6,6_panamax (200-295м),4
http://www.wikidata.org/entity/Q1524298,STX Finland,Финляндия,39,1_малое (<25м),1
http://www.wikidata.org/entity/Q3295104,Azimut,Италия,7,2_прибрежное (25-100м),3
http://www.wikidata.org/entity/Q62063411,Q62063411,Китай,3,2_прибрежное (25-100м),3
http://www.wikidata.org/entity/Q16218256,Maritim Shipyard,Польша,4,3_mini-handy (100-130м),1
http://www.wikidata.org/entity/Q1073329,China Merchants,Китай,6,2_прибрежное (25-100м),1
http://www.wikidata.org/entity/Q4311347,АО «Окская Судоверфь»,,30,3_mini-handy (100-130м),15
http://www.wikidata.org/entity/Q53909604,Qingshan Shipyard,Китай,120,6_panamax (200-295м),1
http://www.wikidata.org/entity/Q2283968,Sieghold-Werft,Германия,4,2_прибрежное (25-100м),4
http://www.wikidata.org/entity/Q12321465,Karstensens Skibsværft,Дания,33,2_прибрежное (25-100м),31
http://www.wikidata.org/entity/Q22120466,Mitsubishi Heavy Industries Shimonoseki Shipyard & Machinery Works,Япония,28,3_mini-handy (100-130м),6
http://www.wikidata.org/entity/Q49961350,Boelwerf Vlaanderen NV,Бельгия,23,2_прибрежное (25-100м),4
http://www.wikidata.org/entity/Q4497365,Херсонский судостроительный завод,Украина,82,3_mini-handy (100-130м),2
http://www.wikidata.org/entity/Q4978195,Stocznia Gdynia,Польша,210,3_mini-handy (100-130м),1
http://www.wikidata.org/entity/Q30931022,Huangpu Wenchong Shipbuilding,Китай,56,3_mini-handy (100-130м),4
http://www.wikidata.org/entity/Q113279667,IHDA Shipbuilding,Нидерланды,5,3_mini-handy (100-130м),1
http://www.wikidata.org/entity/Q118641169,Frisian Shipyard Welgelegen,Нидерланды,5,2_прибрежное (25-100м),2
http://www.wikidata.org/entity/Q20391268,Alexandria Shipyard,Египет,13,3_mini-handy (100-130м),6
http://www.wikidata.org/entity/Q118641169,Frisian Shipyard Welgelegen,Нидерланды,5,4_handysize (130-180м),1
http://www.wikidata.org/entity/Q126907859,Qingdao Heshun Shipyard,Китай,9,4_handysize (130-180м),3
http://www.wikidata.org/entity/Q2043455,P+S Werften,Германия,31,4_handysize (130-180м),2
http://www.wikidata.org/entity/Q1260447,H. Rancke,Германия,3,2_прибрежное (25-100м),3
http://www.wikidata.org/entity/Q2868909,Ateliers et Chantiers de France,Франция,20,6_panamax (200-295м),1
http://www.wikidata.org/entity/Q7442043,Судостроительная корпорация Сиэтл-Такома,США,64,3_mini-handy (100-130м),1
http://www.wikidata.org/entity/Q106351770,Taizhou Kouan Shipbuilding Co Ltd,Китай,80,8_vlcc и крупнее (>330м),1
http://www.wikidata.org/entity/Q489195,Hanjin Heavy Industries,Республика Корея,262,3_mini-handy (100-130м),5
http://www.wikidata.org/entity/Q744233,John Cockerill,Бельгия,4,4_handysize (130-180м),1
http://www.wikidata.org/entity/Q1252846,Euskalduna,Испания,4,4_handysize (130-180м),1
http://www.wikidata.org/entity/Q3523533,Hindustan Shipyard,Индия,13,3_mini-handy (100-130м),1
http://www.wikidata.org/entity/Q6964934,Napier and Miller,Великобритания,5,2_прибрежное (25-100м),1
http://www.wikidata.org/entity/Q7449144,Seatrium Limited,,11,7_capesize (295-330м),1
http://www.wikidata.org/entity/Q11543253,Yokohama Dock,Япония,12,5_handymax (180-200м),1
http://www.wikidata.org/entity/Q11957113,Akers mekaniske verksted,Норвегия,93,7_capesize (295-330м),3
http://www.wikidata.org/entity/Q24860611,Yamanishi Zosen,Япония,23,2_прибрежное (25-100м),4
http://www.wikidata.org/entity/Q134077070,C. van der Giessen & Zonen's Scheepswerven,,3,3_mini-handy (100-130м),1
http://www.wikidata.org/entity/Q7673985,Tacoma Boatbuilding Company,США,12,3_mini-handy (100-130м),1
http://www.wikidata.org/entity/Q11382579,Sasebo Heavy Industries,Япония,270,2_прибрежное (25-100м),2
http://www.wikidata.org/entity/Q292748,AG Weser,Германия,116,8_vlcc и крупнее (>330м),1
http://www.wikidata.org/entity/Q292748,AG Weser,Германский рейх,116,8_vlcc и крупнее (>330м),1
http://www.wikidata.org/entity/Q1145749,Nederlandsche Dok en Scheepsbouw Maatschappij,Нидерланды,24,8_vlcc и крупнее (>330м),1
http://www.wikidata.org/entity/Q1297442,Moss Verft,Норвегия,45,6_panamax (200-295м),1
http://www.wikidata.org/entity/Q3460164,STX France,Франция,10,6_panamax (200-295м),3
http://www.wikidata.org/entity/Q4861094,Barkmeijer Shipyards,Нидерланды,68,4_handysize (130-180м),2
http://www.wikidata.org/entity/Q5208288,Mangalia Shipyard,Румыния,123,3_mini-handy (100-130м),1
http://www.wikidata.org/entity/Q12744192,Giurgiu shipyard,,3,3_mini-handy (100-130м),2
http://www.wikidata.org/entity/Q85717793,Damen Shipyards Gorinchem,Нидерланды,273,1_малое (<25м),56
http://www.wikidata.org/entity/Q124423258,China Merchants Jinling Shipyard (Weihai),Китай,8,4_handysize (130-180м),1
http://www.wikidata.org/entity/Q2043455,P+S Werften,Германия,31,3_mini-handy (100-130м),4
http://www.wikidata.org/entity/Q10448832,Cheoy Lee Shipyards Ltd.,Китай,33,2_прибрежное (25-100м),31
http://www.wikidata.org/entity/Q16536348,Ships built at Cantiere Navale Mario Morini,Италия,6,4_handysize (130-180м),2
http://www.wikidata.org/entity/Q829911,Nordic Yards Warnemünde,Германия,148,3_mini-handy (100-130м),2
http://www.wikidata.org/entity/Q3655764,Rodriquez Cantieri Navali,Италия,17,4_handysize (130-180м),1
http://www.wikidata.org/entity/Q5895125,Hongkong United Dockyard,Китай,12,2_прибрежное (25-100м),11
http://www.wikidata.org/entity/Q10448832,Cheoy Lee Shipyards Ltd.,Китай,33,1_малое (<25м),1
http://www.wikidata.org/entity/Q12744193,Oltenita Shipyard,Румыния,174,4_handysize (130-180м),76
http://www.wikidata.org/entity/Q26837618,Fujiwara Shipbuilding,Япония,11,2_прибрежное (25-100м),11
http://www.wikidata.org/entity/Q28686830,Sumidagawa Shipyard,Япония,5,2_прибрежное (25-100м),5
http://www.wikidata.org/entity/Q3326593,IZAR,Испания,8,6_panamax (200-295м),1
http://www.wikidata.org/entity/Q5241717,Davie Yards Incorporated,Канада,11,2_прибрежное (25-100м),6
http://www.wikidata.org/entity/Q6068515,Jakobson Shipyard,,7,2_прибрежное (25-100м),7
http://www.wikidata.org/entity/Q22126509,Hayashi Kanesen,Япония,15,2_прибрежное (25-100м),3
http://www.wikidata.org/entity/Q16842471,Henry Robb,Великобритания,37,4_handysize (130-180м),1
http://www.wikidata.org/entity/Q6908150,Moore Dry Dock Company,США,37,4_handysize (130-180м),1
http://www.wikidata.org/entity/Q7054594,North Carolina Shipbuilding Company,США,69,4_handysize (130-180м),1
http://www.wikidata.org/entity/Q1677408,Джейкоб Аарон Вестервельт,,10,7_capesize (295-330м),1
http://www.wikidata.org/entity/Q4361443,Петрозавод,Россия,13,2_прибрежное (25-100м),2
http://www.wikidata.org/entity/Q6818390,Merchant Shipbuilding Corporation,США,5,4_handysize (130-180м),1
http://www.wikidata.org/entity/Q15883932,Werf Gusto,Нидерланды,7,4_handysize (130-180м),4
http://www.wikidata.org/entity/Q60392782,Chengxi Shipyard,Китай,170,2_прибрежное (25-100м),2
http://www.wikidata.org/entity/Q109461966,Fujian Southeast Shipyard,Китай,120,3_mini-handy (100-130м),1
http://www.wikidata.org/entity/Q962591,JFE Holdings,Япония,5,4_handysize (130-180м),2
http://www.wikidata.org/entity/Q11357147,Mitsubishi Heavy Industries Nagasaki Shipyard & Machinery,Япония,163,8_vlcc и крупнее (>330м),4
http://www.wikidata.org/entity/Q886896,Blyth Shipbuilding Company,Великобритания,16,2_прибрежное (25-100м),1
http://www.wikidata.org/entity/Q5871699,Kanadevia Corporation,Япония,69,3_mini-handy (100-130м),3
http://www.wikidata.org/entity/Q7418903,Sanoyas Hishino Meisho,Япония,10,4_handysize (130-180м),3
http://www.wikidata.org/entity/Q727,Амстердам,Нидерланды,3,2_прибрежное (25-100м),1
http://www.wikidata.org/entity/Q81472,Цзяннаньский судостроительный завод,Китай,222,7_capesize (295-330м),2
http://www.wikidata.org/entity/Q11415470,Namura Shipbuilding,Япония,273,3_mini-handy (100-130м),1
http://www.wikidata.org/entity/Q18343358,Eqva,Норвегия,15,8_vlcc и крупнее (>330м),1
http://www.wikidata.org/entity/Q553599,Schichau Seebeck,Германия,111,1_малое (<25м),2
http://www.wikidata.org/entity/Q658546,Constructions industrielles de la Méditerranée,Франция,6,5_handymax (180-200м),1
http://www.wikidata.org/entity/Q748148,Kawasaki Heavy Industries,Япония,94,8_vlcc и крупнее (>330м),1
http://www.wikidata.org/entity/Q115322850,Sakaide Works,Япония,98,2_прибрежное (25-100м),2
http://www.wikidata.org/entity/Q4898067,Bethlehem Sparrows Point Shipyard,США,38,3_mini-handy (100-130м),2
http://www.wikidata.org/entity/Q54874672,Peterson Builders,,7,2_прибрежное (25-100м),7
http://www.wikidata.org/entity/Q1606052,Svendborg Skibsværft,Дания,45,1_малое (<25м),1
http://www.wikidata.org/entity/Q5649928,Hans Ditlev Bendixsen,,3,2_прибрежное (25-100м),1
http://www.wikidata.org/entity/Q7224811,Wärtsilä Marine,,11,3_mini-handy (100-130м),1
http://www.wikidata.org/entity/Q7545370,Smith & Rhuland,Канада,6,2_прибрежное (25-100м),3
http://www.wikidata.org/entity/Q17101117,Austin & Pickersgill,Великобритания,27,3_mini-handy (100-130м),1
http://www.wikidata.org/entity/Q17107791,Hike Metal Products,Канада,4,1_малое (<25м),1
http://www.wikidata.org/entity/Q97178247,Naval Gijón,Испания,15,2_прибрежное (25-100м),1
http://www.wikidata.org/entity/Q66,Boeing,США,3,1_малое (<25м),1
http://www.wikidata.org/entity/Q1959394,Muetzelfeldtwerft in Cuxhaven,Германия,25,1_малое (<25м),1
http://www.wikidata.org/entity/Q4199817,Ильичевский судоремонтный завод,Украина,20,2_прибрежное (25-100м),15
http://www.wikidata.org/entity/Q6379823,Kawasaki Heavy Industries Ship & Offshore Structure Company,Япония,42,4_handysize (130-180м),3
http://www.wikidata.org/entity/Q7224208,Море,Россия,6,2_прибрежное (25-100м),3
http://www.wikidata.org/entity/Q7224208,Море,Украина,6,2_прибрежное (25-100м),3
http://www.wikidata.org/entity/Q1700840,John Lewis and Sons Limited,Великобритания,339,2_прибрежное (25-100м),3
http://www.wikidata.org/entity/Q3295104,Azimut,Италия,7,3_mini-handy (100-130м),1
http://www.wikidata.org/entity/Q22266452,Astilleros Armón Vigo,Испания,48,1_малое (<25м),2
http://www.wikidata.org/entity/Q47209820,Porsgrund Mek. Verksted,Норвегия,17,2_прибрежное (25-100м),7
http://www.wikidata.org/entity/Q17193673,Iwagi Zosen,Япония,155,2_прибрежное (25-100м),3
http://www.wikidata.org/entity/Q2043455,P+S Werften,Германия,31,5_handymax (180-200м),2
http://www.wikidata.org/entity/Q4348278,Пелла (завод),Россия,17,2_прибрежное (25-100м),14
http://www.wikidata.org/entity/Q21505614,Pendennis Shipyard,Великобритания,4,7_capesize (295-330м),1
http://www.wikidata.org/entity/Q108941303,Unión Naval Valencia,Испания,47,1_малое (<25м),4
http://www.wikidata.org/entity/Q3655764,Rodriquez Cantieri Navali,Италия,17,8_vlcc и крупнее (>330м),1
http://www.wikidata.org/entity/Q6883239,Mitsui Engineering & Shipbuilding,Япония,62,3_mini-handy (100-130м),1
http://www.wikidata.org/entity/Q12321465,Karstensens Skibsværft,Дания,33,4_handysize (130-180м),1
http://www.wikidata.org/entity/Q12321465,Karstensens Skibsværft,Дания,33,1_малое (<25м),1
http://www.wikidata.org/entity/Q12744192,Giurgiu shipyard,,3,5_handymax (180-200м),1
http://www.wikidata.org/entity/Q16889827,Sekwang,,4,3_mini-handy (100-130м),2
http://www.wikidata.org/entity/Q56612012,Jaya Shipbuilding & Engineering,Сингапур,9,2_прибрежное (25-100м),9
http://www.wikidata.org/entity/Q57312653,ASL Shipyard,Индонезия,20,4_handysize (130-180м),1
http://www.wikidata.org/entity/Q84419790,Jiangsu Rongsheng Heavy Industries,Китай,40,8_vlcc и крупнее (>330м),2
http://www.wikidata.org/entity/Q845144,Trondhjems mekaniske Værksted,Норвегия,48,3_mini-handy (100-130м),3
http://www.wikidata.org/entity/Q1516279,Umoe Mandal,Норвегия,18,1_малое (<25м),1
http://www.wikidata.org/entity/Q2642233,Alexander Hall & Co.,Великобритания,743,2_прибрежное (25-100м),2
http://www.wikidata.org/entity/Q18343358,Eqva,Норвегия,15,3_mini-handy (100-130м),2
http://www.wikidata.org/entity/Q61384576,Gondán shipyards,Испания,5,3_mini-handy (100-130м),4
http://www.wikidata.org/entity/Q25028459,Hodgdon Shipbuilding,,3,2_прибрежное (25-100м),1
http://www.wikidata.org/entity/Q560947,Nordseewerke,Германия,131,1_малое (<25м),1
http://www.wikidata.org/entity/Q9306270,Remontowa Shipbuilding,Польша,39,1_малое (<25м),1
http://www.wikidata.org/entity/Q67083915,Bergen Group BMV,Норвегия,8,2_прибрежное (25-100м),2
http://www.wikidata.org/entity/Q116766227,Q116766227,Норвегия,4,1_малое (<25м),3
http://www.wikidata.org/entity/Q829911,Nordic Yards Warnemünde,Германия,148,2_прибрежное (25-100м),1
http://www.wikidata.org/entity/Q1193195,Ingalls Shipbuilding,США,216,3_mini-handy (100-130м),1
http://www.wikidata.org/entity/Q1678193,Neue Jadewerft GmbH,Германия,19,1_малое (<25м),2
http://www.wikidata.org/entity/Q5210936,Dalian Shipbuilding Industry Company,Китай,287,3_mini-handy (100-130м),1
http://www.wikidata.org/entity/Q8048969,Yantai Raffles Shipyard,Китай,11,3_mini-handy (100-130м),1
http://www.wikidata.org/entity/Q11158393,Aker Solutions Stord,Норвегия,25,3_mini-handy (100-130м),2
http://www.wikidata.org/entity/Q122182243,Sosnovskiy Shipyard,Россия,31,1_малое (<25м),1
http://www.wikidata.org/entity/Q122182243,Sosnovskiy Shipyard,Россия,31,2_прибрежное (25-100м),8
http://www.wikidata.org/entity/Q1003299,Framnæs Mekaniske Værksted,Норвегия,25,5_handymax (180-200м),1
http://www.wikidata.org/entity/Q5348781,Eide Marine Services,Норвегия,7,3_mini-handy (100-130м),2
http://www.wikidata.org/entity/Q6350748,Haugesund Mekaniske Verksted,Норвегия,5,2_прибрежное (25-100м),2
http://www.wikidata.org/entity/Q52317584,H & E Nordtveit Skipsbyggeri,Норвегия,3,2_прибрежное (25-100м),2
http://www.wikidata.org/entity/Q2688471,Feadship,Нидерланды,36,2_прибрежное (25-100м),34
http://www.wikidata.org/entity/Q3899900,Perini Navi,Италия,12,3_mini-handy (100-130м),1
http://www.wikidata.org/entity/Q21927194,Meyer Turku,Финляндия,56,3_mini-handy (100-130м),8
http://www.wikidata.org/entity/Q56239772,Q56239772,Сербия,5,3_mini-handy (100-130м),1
http://www.wikidata.org/entity/Q3655754,Cantieri Aeronautici e Navali Triestini,Королевство Италия,33,2_прибрежное (25-100м),1
http://www.wikidata.org/entity/Q3295104,Azimut,Италия,7,4_handysize (130-180м),1
http://www.wikidata.org/entity/Q3523533,Hindustan Shipyard,Индия,13,2_прибрежное (25-100м),3
http://www.wikidata.org/entity/Q4834527,BAE Systems Maritime – Naval Ships,Великобритания,7,3_mini-handy (100-130м),1
http://www.wikidata.org/entity/Q17747474,Malta Shipbuilding,Мальта,5,2_прибрежное (25-100м),3
http://www.wikidata.org/entity/Q1250754,Hitzler Werft,Германия,43,1_малое (<25м),1
http://www.wikidata.org/entity/Q19904469,Q19904469,,3,2_прибрежное (25-100м),3
http://www.wikidata.org/entity/Q60738807,Cockatoo Island Dockyard,Австралия,11,2_прибрежное (25-100м),1
http://www.wikidata.org/entity/Q657096,Lürssen Werft,Германия,71,5_handymax (180-200м),2
http://www.wikidata.org/entity/Q870276,Lloyd Werft,Германия,10,3_mini-handy (100-130м),2
http://www.wikidata.org/entity/Q2490441,Heesen Yachts,Нидерланды,14,2_прибрежное (25-100м),13
http://www.wikidata.org/entity/Q2688471,Feadship,Нидерланды,36,3_mini-handy (100-130м),4
http://www.wikidata.org/entity/Q16323193,Q16323193,Дания,7,2_прибрежное (25-100м),5
http://www.wikidata.org/entity/Q807945,Barclay Curle,Великобритания,65,2_прибрежное (25-100м),2
http://www.wikidata.org/entity/Q18343358,Eqva,Норвегия,15,1_малое (<25м),1
http://www.wikidata.org/entity/Q52276032,Hatlø Verksted,Норвегия,46,4_handysize (130-180м),1
http://www.wikidata.org/entity/Q90138624,Walter Hood and Company,Великобритания,14,2_прибрежное (25-100м),1
http://www.wikidata.org/entity/Q100605830,Holen mek. Verksted,Норвегия,3,2_прибрежное (25-100м),1
http://www.wikidata.org/entity/Q889816,Bodewes Shipyards,Нидерланды,176,1_малое (<25м),3
http://www.wikidata.org/entity/Q3655755,Cantiere navale di Riva Trigoso,Италия,5,2_прибрежное (25-100м),1
http://www.wikidata.org/entity/Q5969691,ICON Yachts,,3,2_прибрежное (25-100м),4
http://www.wikidata.org/entity/Q25100782,Mondomarine,Италия,4,2_прибрежное (25-100м),4
http://www.wikidata.org/entity/Q26714845,Motor AB Reversator,,3,1_малое (<25м),1
http://www.wikidata.org/entity/Q56012145,Cantieri Navali Codecasa,Италия,30,2_прибрежное (25-100м),29
http://www.wikidata.org/entity/Q86667732,T. Mariotti,Италия,10,4_handysize (130-180м),6
http://www.wikidata.org/.well-known/genid/b0f30261f0a033cd0cb487fe886387ca,http://www.wikidata.org/.well-known/genid/b0f30261f0a033cd0cb487fe886387ca,,3,3_mini-handy (100-130м),3
http://www.wikidata.org/.well-known/genid/cd71c1e532665cdc35c4055ef2a44345,http://www.wikidata.org/.well-known/genid/cd71c1e532665cdc35c4055ef2a44345,,3,3_mini-handy (100-130м),3
http://www.wikidata.org/entity/Q67083915,Bergen Group BMV,Норвегия,8,3_mini-handy (100-130м),2
http://www.wikidata.org/entity/Q1516279,Umoe Mandal,Норвегия,18,4_handysize (130-180м),1
http://www.wikidata.org/entity/Q47147176,Karmsund Maritime Service,Норвегия,5,8_vlcc и крупнее (>330м),1
http://www.wikidata.org/entity/Q52503428,Sletta Båtbyggeri,Норвегия,12,1_малое (<25м),2
http://www.wikidata.org/entity/Q55949449,Solstrand Verft,Норвегия,9,2_прибрежное (25-100м),7
http://www.wikidata.org/entity/Q19889154,Q19889154,,3,2_прибрежное (25-100м),1
http://www.wikidata.org/entity/Q2803924,Royal Huisman,Нидерланды,13,1_малое (<25м),1
http://www.wikidata.org/entity/Q25067052,Jongert,Нидерланды,4,1_малое (<25м),1
http://www.wikidata.org/entity/Q58456899,Multiplast,Франция,8,2_прибрежное (25-100м),2
http://www.wikidata.org/entity/Q134413277,Georgi Dimitrov Shipyard,Болгария,8,2_прибрежное (25-100м),2
http://www.wikidata.org/entity/Q784824,Пемброк-док,Великобритания,3,3_mini-handy (100-130м),1
http://www.wikidata.org/entity/Q795618,BBG Bootsbau Berlin,Германия,11,1_малое (<25м),4
http://www.wikidata.org/entity/Q15844308,Schiffswerft Oberwinter,Германия,5,2_прибрежное (25-100м),4
http://www.wikidata.org/entity/Q52279283,Nordsøværftet,Дания,42,3_mini-handy (100-130м),2
http://www.wikidata.org/entity/Q1278953,Arctech Helsinki Shipyard,Финляндия,6,6_panamax (200-295м),1
http://www.wikidata.org/entity/Q14548994,Schiffswerft Schmidt,Германия,21,1_малое (<25м),1
http://www.wikidata.org/entity/Q21036308,SET Schiffbau- u. Entwicklungsgesellschaft Tangermünde,Германия,12,1_малое (<25м),2
http://www.wikidata.org/entity/Q44160,Тулон,Франция,31,2_прибрежное (25-100м),2
http://www.wikidata.org/entity/Q11395932,Hakodate Dock,Япония,178,6_panamax (200-295м),1
http://www.wikidata.org/entity/Q1153446,Cantieri Riuniti dell'Adriatico,Италия,36,3_mini-handy (100-130м),1
http://www.wikidata.org/entity/Q54165931,Gulf Island Shipyards,США,17,1_малое (<25м),1
http://www.wikidata.org/entity/Q300860,Ольборгская судоверфь,Дания,81,1_малое (<25м),1
http://www.wikidata.org/entity/Q1322196,Kremer-Werft,Германия,17,8_vlcc и крупнее (>330м),2
http://www.wikidata.org/entity/Q4861094,Barkmeijer Shipyards,Нидерланды,68,1_малое (<25м),2
http://www.wikidata.org/entity/Q59240911,Sebastià Pujol i Ribes,,4,2_прибрежное (25-100м),3
http://www.wikidata.org/entity/Q10313115,Jurong Shipyard,Сингапур,15,2_прибрежное (25-100м),3
http://www.wikidata.org/entity/Q55071917,Amels,Нидерланды,42,1_малое (<25м),2
http://www.wikidata.org/entity/Q104520543,Damen Shipyards Hardinxveld,Нидерланды,56,1_малое (<25м),7
http://www.wikidata.org/entity/Q10275472,Estaleiro Mauá,Бразилия,19,5_handymax (180-200м),1
http://www.wikidata.org/entity/Q56277974,Qiuxin Shipyard,Китай,10,2_прибрежное (25-100м),2
http://www.wikidata.org/entity/Q41572,Николаев,Украина,4,3_mini-handy (100-130м),1
http://www.wikidata.org/entity/Q889816,Bodewes Shipyards,Нидерланды,176,4_handysize (130-180м),1
http://www.wikidata.org/entity/Q4732597,Allied Shipbuilders,Канада,17,1_малое (<25м),3
http://www.wikidata.org/entity/Q10543891,Karlskronavarvet,Швеция,96,3_mini-handy (100-130м),2
http://www.wikidata.org/entity/Q48913642,Ching Fu Shipbuilding,,4,4_handysize (130-180м),1
http://www.wikidata.org/entity/Q10474960,Djurgård shipyard,Швеция,5,1_малое (<25м),1
http://www.wikidata.org/entity/Q11395932,Hakodate Dock,Япония,178,2_прибрежное (25-100м),7
http://www.wikidata.org/entity/Q11899761,Uki Workboat,Финляндия,9,1_малое (<25м),1
http://www.wikidata.org/entity/Q57312653,ASL Shipyard,Индонезия,20,3_mini-handy (100-130м),1
http://www.wikidata.org/entity/Q4497365,Херсонский судостроительный завод,Украина,82,6_panamax (200-295м),1
http://www.wikidata.org/entity/Q10313115,Jurong Shipyard,Сингапур,15,6_panamax (200-295м),5
http://www.wikidata.org/entity/Q24887178,Universal Shipbuilding,Япония,74,8_vlcc и крупнее (>330м),17
http://www.wikidata.org/entity/Q489251,HD Hyundai Samho,Республика Корея,586,3_mini-handy (100-130м),4
http://www.wikidata.org/entity/Q2205021,Atlas Werke,Германия,8,1_малое (<25м),1
http://www.wikidata.org/entity/Q2205021,Atlas Werke,Германский рейх,8,1_малое (<25м),1
http://www.wikidata.org/entity/Q2210573,Roßlauer Schiffswerft,ГДР,61,1_малое (<25м),1
http://www.wikidata.org/entity/Q84362563,Q84362563,Китай,4,1_малое (<25м),2
http://www.wikidata.org/entity/Q670100,Sulzer,Швейцария,3,1_малое (<25м),1
http://www.wikidata.org/entity/Q1676408,J. Samuel White,Великобритания,85,6_panamax (200-295м),1
http://www.wikidata.org/entity/Q94972314,Robert Davy,,8,2_прибрежное (25-100м),1
http://www.wikidata.org/entity/Q1068204,Чатемская верфь,Великобритания,109,1_малое (<25м),1
http://www.wikidata.org/entity/Q17107791,Hike Metal Products,Канада,4,2_прибрежное (25-100м),3
http://www.wikidata.org/entity/Q107125988,Hugo Peters & Co,Германия,5,2_прибрежное (25-100м),3
http://www.wikidata.org/entity/Q124423258,China Merchants Jinling Shipyard (Weihai),Китай,8,2_прибрежное (25-100м),1
http://www.wikidata.org/entity/Q11282532,IHI Marine United,Япония,234,3_mini-handy (100-130м),1
http://www.wikidata.org/entity/Q277630,A&P Group,Великобритания,29,5_handymax (180-200м),2
http://www.wikidata.org/entity/Q946123,Rotterdamsche Droogdok Maatschappij,Нидерланды,28,2_прибрежное (25-100м),1
http://www.wikidata.org/entity/Q16218256,Maritim Shipyard,Польша,4,2_прибрежное (25-100м),2
http://www.wikidata.org/entity/Q49961350,Boelwerf Vlaanderen NV,Бельгия,23,5_handymax (180-200м),1
http://www.wikidata.org/entity/Q113698960,Chowgule Group,Индия,39,3_mini-handy (100-130м),2
http://www.wikidata.org/entity/Q4332486,Судостроительный завод «Океан»,Украина,13,2_прибрежное (25-100м),3
http://www.wikidata.org/entity/Q11502551,Shin Kurushima Ujina Dock,Япония,5,5_handymax (180-200м),1
http://www.wikidata.org/entity/Q1229954,Norderwerft Hamburg,Германия,11,3_mini-handy (100-130м),1
http://www.wikidata.org/entity/Q1229954,Norderwerft Hamburg,Германский рейх,11,3_mini-handy (100-130м),1
http://www.wikidata.org/entity/Q1631703,Howaldtswerke Hamburg,Германия,61,1_малое (<25м),1
http://www.wikidata.org/entity/Q1631703,Howaldtswerke Hamburg,Германский рейх,61,1_малое (<25м),1
http://www.wikidata.org/entity/Q7106621,Oshima Shipbuilding,Япония,754,3_mini-handy (100-130м),1
http://www.wikidata.org/entity/Q16606610,Metalships & Docks,Испания,10,2_прибрежное (25-100м),2
http://www.wikidata.org/entity/Q11294418,Kanasashi Heavy Industries,Япония,58,3_mini-handy (100-130м),13
http://www.wikidata.org/entity/Q4332486,Судостроительный завод «Океан»,Украина,13,3_mini-handy (100-130м),2
http://www.wikidata.org/entity/Q7640197,Sungdong,Республика Корея,7,2_прибрежное (25-100м),1
http://www.wikidata.org/entity/Q1066677,Charleston Naval Shipyard,США,66,6_panamax (200-295м),1
http://www.wikidata.org/entity/Q4834515,BAE Systems Australia,Австралия,3,6_panamax (200-295м),1
http://www.wikidata.org/entity/Q56121139,Atlanticeagle Shipbuilding,Португалия,4,1_малое (<25м),2
http://www.wikidata.org/entity/Q638231,Larsen & Toubro,Индия,4,4_handysize (130-180м),4
http://www.wikidata.org/entity/Q28721321,Xiamen Shipbuilding Industry,Китай,58,2_прибрежное (25-100м),9
http://www.wikidata.org/entity/Q5139443,Cochrane Shipbuilders,Великобритания,23,1_малое (<25м),1
http://www.wikidata.org/entity/Q5148015,Colombo Dockyard,Шри-Ланка,17,4_handysize (130-180м),1
http://www.wikidata.org/entity/Q10313115,Jurong Shipyard,Сингапур,15,4_handysize (130-180м),4
http://www.wikidata.org/entity/Q22100733,Jong Shyn Shipbuilding Company,Китайская Республика (Тайвань),4,2_прибрежное (25-100м),1
http://www.wikidata.org/entity/Q7106970,Oskarshamn Shipyard,Швеция,34,3_mini-handy (100-130м),3
http://www.wikidata.org/entity/Q30926102,Sanuki,Япония,3,2_прибрежное (25-100м),1
http://www.wikidata.org/entity/Q489243,Samsung Heavy Industries,Республика Корея,831,3_mini-handy (100-130м),3
http://www.wikidata.org/entity/Q16565979,Factorías Vulcano,Испания,25,2_прибрежное (25-100м),4
http://www.wikidata.org/entity/Q4311347,АО «Окская Судоверфь»,,30,2_прибрежное (25-100м),1
http://www.wikidata.org/entity/Q15635042,Shipyard Edgar Andre,Германия,8,2_прибрежное (25-100м),3
http://www.wikidata.org/entity/Q15635042,Shipyard Edgar Andre,ГДР,8,2_прибрежное (25-100м),3
http://www.wikidata.org/entity/Q7449144,Seatrium Limited,,11,3_mini-handy (100-130м),4
http://www.wikidata.org/entity/Q21505614,Pendennis Shipyard,Великобритания,4,2_прибрежное (25-100м),3
http://www.wikidata.org/entity/Q17083313,Tersan Shipyard,Турция,43,4_handysize (130-180м),5
http://www.wikidata.org/entity/Q27972486,Voss Werft,Германия,5,2_прибрежное (25-100м),1
http://www.wikidata.org/entity/Q47209820,Porsgrund Mek. Verksted,Норвегия,17,4_handysize (130-180м),1
http://www.wikidata.org/entity/Q277630,A&P Group,Великобритания,29,3_mini-handy (100-130м),1
http://www.wikidata.org/entity/Q1973983,Nederlandse Scheepsbouw Maatschappij,Нидерланды,79,3_mini-handy (100-130м),3
http://www.wikidata.org/entity/Q700418,Howaldtswerke-Deutsche Werft,Германия,262,7_capesize (295-330м),12
http://www.wikidata.org/entity/Q3437441,Uddevalla shipyard,Швеция,37,2_прибрежное (25-100м),1
http://www.wikidata.org/entity/Q4219718,Керченский судостроительный завод,Россия,39,4_handysize (130-180м),2
http://www.wikidata.org/entity/Q4219718,Керченский судостроительный завод,Украина,39,4_handysize (130-180м),2
http://www.wikidata.org/entity/Q23870433,Uusikaupunki shipyard,Финляндия,7,3_mini-handy (100-130м),2
http://www.wikidata.org/entity/Q24887178,Universal Shipbuilding,Япония,74,7_capesize (295-330м),22
http://www.wikidata.org/entity/Q25511937,Vaagland Båtbyggeri,Норвегия,28,1_малое (<25м),2
http://www.wikidata.org/entity/Q1466588,Ottensener Eisenwerk,Германия,5,2_прибрежное (25-100м),5
http://www.wikidata.org/entity/Q1466588,Ottensener Eisenwerk,Германский рейх,5,2_прибрежное (25-100м),5
http://www.wikidata.org/entity/Q11982099,Kristiansands Mek. Verksted,Норвегия,22,4_handysize (130-180м),1
http://www.wikidata.org/entity/Q27346350,Hyundai Vinashin Shipyard,Вьетнам,78,4_handysize (130-180м),1
http://www.wikidata.org/entity/Q1973983,Nederlandse Scheepsbouw Maatschappij,Нидерланды,79,7_capesize (295-330м),5
http://www.wikidata.org/entity/Q1673509,Rolandwerft,Германия,99,6_panamax (200-295м),1
http://www.wikidata.org/entity/Q1973983,Nederlandse Scheepsbouw Maatschappij,Нидерланды,79,5_handymax (180-200м),8
http://www.wikidata.org/entity/Q2868910,Ateliers et Chantiers de la Seine-Maritime,Франция,6,4_handysize (130-180м),1
http://www.wikidata.org/entity/Q4700633,Philly Shipyard,США,6,6_panamax (200-295м),1
http://www.wikidata.org/entity/Q5139314,Cochin Shipyard,Индия,22,6_panamax (200-295м),2
http://www.wikidata.org/entity/Q56605049,AVIC Dingheng Shipbuilding,Китай,47,2_прибрежное (25-100м),2
http://www.wikidata.org/entity/Q63381408,Daehan Shipbuilding,Республика Корея,16,3_mini-handy (100-130м),2
http://www.wikidata.org/entity/Q654971,Keppel Verolme,Нидерланды,10,6_panamax (200-295м),2
http://www.wikidata.org/entity/Q4686063,Damen Shipyards Galați,Румыния,181,1_малое (<25м),2
http://www.wikidata.org/entity/Q10562558,Lindholmen Shipyard,Швеция,40,5_handymax (180-200м),1
http://www.wikidata.org/entity/Q114403355,Daehan Shipbuilding,Республика Корея,50,7_capesize (295-330м),5
http://www.wikidata.org/entity/Q218715,Blohm + Voss,Германия,239,7_capesize (295-330м),2
http://www.wikidata.org/entity/Q56239772,Q56239772,Сербия,5,4_handysize (130-180м),1
http://www.wikidata.org/entity/Q5613742,CSSC Offshore & Marine Engineering Company,Китай,302,7_capesize (295-330м),2
http://www.wikidata.org/entity/Q4311347,АО «Окская Судоверфь»,,30,4_handysize (130-180м),14
http://www.wikidata.org/entity/Q6227785,John Crown & Sons Ltd,Великобритания,16,3_mini-handy (100-130м),1
http://www.wikidata.org/entity/Q18622932,Baltic Workboats,Эстония,7,2_прибрежное (25-100м),1
http://www.wikidata.org/entity/Q64932699,Albina Engine & Machine Works,США,9,2_прибрежное (25-100м),1
http://www.wikidata.org/entity/Q107072312,Zhoushan Changhong International Shipyard,Китай,8,4_handysize (130-180м),4
http://www.wikidata.org/entity/Q17193673,Iwagi Zosen,Япония,155,3_mini-handy (100-130м),5
http://www.wikidata.org/entity/Q52278699,Moen Marin,Норвегия,20,1_малое (<25м),1
http://www.wikidata.org/entity/Q55949449,Solstrand Verft,Норвегия,9,1_малое (<25м),1
http://www.wikidata.org/entity/Q124570430,Tehnomont Brodogradilište Pula,Хорватия,3,1_малое (<25м),1
http://www.wikidata.org/entity/Q2621070,Кировский завод,Россия,7,2_прибрежное (25-100м),1
http://www.wikidata.org/entity/Q30687989,Eastern Shipbuilding Group,США,31,1_малое (<25м),1
http://www.wikidata.org/entity/Q58210511,Jiangsu Hantong Ship Heavy Industry,Китай,129,7_capesize (295-330м),2
http://www.wikidata.org/entity/Q124570430,Tehnomont Brodogradilište Pula,Хорватия,3,2_прибрежное (25-100м),2
http://www.wikidata.org/entity/Q2956387,Alabama Drydock and Shipbuilding Company,США,12,2_прибрежное (25-100м),1
http://www.wikidata.org/entity/Q2594517,Volharding Shipyards,Нидерланды,74,1_малое (<25м),1
http://www.wikidata.org/entity/Q1406235,Ferguson Shipbuilders,Великобритания,65,6_panamax (200-295м),1
http://www.wikidata.org/entity/Q2292711,Адмиралтейские верфи,Россия,85,5_handymax (180-200м),1
http://www.wikidata.org/entity/Q8637936,Guangzhou Wenchong Shipyard,Китай,195,2_прибрежное (25-100м),7
http://www.wikidata.org/entity/Q48913642,Ching Fu Shipbuilding,,4,2_прибрежное (25-100м),3
http://www.wikidata.org/entity/Q115168196,Jiangsu Yangzi Xinfu Shipbuilding,Китай,299,7_capesize (295-330м),22
http://www.wikidata.org/entity/Q483231,Hyundai Heavy Industries,Республика Корея,1116,2_прибрежное (25-100м),2
http://www.wikidata.org/entity/Q136647792,Q136647792,Канада,3,2_прибрежное (25-100м),1
http://www.wikidata.org/entity/Q9070190,Rodman,Испания,5,2_прибрежное (25-100м),5
http://www.wikidata.org/entity/Q3200761,Kvaerner Fjellstrand,Норвегия,80,1_малое (<25м),2
http://www.wikidata.org/entity/Q2956390,Mazagon Dock Shipbuilders,Индия,27,2_прибрежное (25-100м),1
http://www.wikidata.org/entity/Q838929,Амурский судостроительный завод,Россия,12,2_прибрежное (25-100м),2
http://www.wikidata.org/entity/Q15637769,CRIST,Польша,34,6_panamax (200-295м),1
http://www.wikidata.org/entity/Q136647792,Q136647792,Канада,3,1_малое (<25м),2
http://www.wikidata.org/entity/Q1959394,Muetzelfeldtwerft in Cuxhaven,Германия,25,3_mini-handy (100-130м),1
http://www.wikidata.org/entity/Q8637936,Guangzhou Wenchong Shipyard,Китай,195,3_mini-handy (100-130м),2
http://www.wikidata.org/entity/Q6883239,Mitsui Engineering & Shipbuilding,Япония,62,8_vlcc и крупнее (>330м),1
http://www.wikidata.org/entity/Q7449144,Seatrium Limited,,11,8_vlcc и крупнее (>330м),1
http://www.wikidata.org/entity/Q2490441,Heesen Yachts,Нидерланды,14,1_малое (<25м),1
http://www.wikidata.org/entity/Q28229446,Cantieri di Pisa,Италия,10,2_прибрежное (25-100м),10
http://www.wikidata.org/entity/Q115162063,Yangfan Group Co.,Китай,22,6_panamax (200-295м),1
http://www.wikidata.org/entity/Q115162063,Yangfan Group Co.,Китай,22,2_прибрежное (25-100м),1
http://www.wikidata.org/entity/Q16606610,Metalships & Docks,Испания,10,3_mini-handy (100-130м),1
http://www.wikidata.org/entity/Q87200290,Düzgit,,3,4_handysize (130-180м),1
http://www.wikidata.org/entity/Q10275470,Estaleiro Ilha,Бразилия,4,5_handymax (180-200м),1
http://www.wikidata.org/entity/Q58210511,Jiangsu Hantong Ship Heavy Industry,Китай,129,4_handysize (130-180м),2
http://www.wikidata.org/entity/Q1369698,ENVC Shipyard,Португалия,70,7_capesize (295-330м),1
http://www.wikidata.org/entity/Q1497107,Gebr. Wiemann,Германия,7,2_прибрежное (25-100м),4
http://www.wikidata.org/entity/Q2279934,Short Brothers of Sunderland,Великобритания,12,2_прибрежное (25-100м),1
http://www.wikidata.org/entity/Q7101336,Oregon Shipbuilding Corporation,США,47,8_vlcc и крупнее (>330м),1
http://www.wikidata.org/entity/Q11282532,IHI Marine United,Япония,234,2_прибрежное (25-100м),1
http://www.wikidata.org/entity/Q1746543,Lithgows,Великобритания,62,3_mini-handy (100-130м),1
http://www.wikidata.org/entity/Q7621806,Strategic Marine,Мексика,4,2_прибрежное (25-100м),2
http://www.wikidata.org/entity/Q9266563,Remontowa,Польша,63,4_handysize (130-180м),1
http://www.wikidata.org/entity/Q47455441,Westcon Yards,Норвегия,13,3_mini-handy (100-130м),1
http://www.wikidata.org/entity/Q54986759,Astilleros Balenciaga,Испания,43,1_малое (<25м),1
http://www.wikidata.org/entity/Q6227785,John Crown & Sons Ltd,Великобритания,16,4_handysize (130-180м),1
http://www.wikidata.org/entity/Q6227785,John Crown & Sons Ltd,Великобритания,16,2_прибрежное (25-100м),2
http://www.wikidata.org/entity/Q6351825,Kaldnes Mekaniske Verksted,Норвегия,49,6_panamax (200-295м),1
http://www.wikidata.org/entity/Q17773943,Fredrikstad Mekaniske Verksted,Норвегия,47,3_mini-handy (100-130м),5
http://www.wikidata.org/entity/Q86838057,Q86838057,Нидерланды,3,2_прибрежное (25-100м),1
http://www.wikidata.org/entity/Q47209820,Porsgrund Mek. Verksted,Норвегия,17,3_mini-handy (100-130м),2
http://www.wikidata.org/entity/Q4648105,A. Leslie and Company,Великобритания,4,6_panamax (200-295м),1
http://www.wikidata.org/entity/Q84362563,Q84362563,Китай,4,2_прибрежное (25-100м),1
http://www.wikidata.org/entity/Q50136501,Aas Mek. Verksted AS,Норвегия,45,8_vlcc и крупнее (>330м),1
http://www.wikidata.org/entity/Q5629591,HHIC Phil,Филиппины,95,5_handymax (180-200м),4
http://www.wikidata.org/entity/Q60989335,Wuhu Shipyard,Китай,16,2_прибрежное (25-100м),6
http://www.wikidata.org/entity/Q10474862,Djupvik shipyard,Швеция,14,1_малое (<25м),2
http://www.wikidata.org/entity/Q11592949,Fukuoka Shipbuilding,Япония,141,5_handymax (180-200м),1
http://www.wikidata.org/entity/Q52276032,Hatlø Verksted,Норвегия,46,3_mini-handy (100-130м),4
http://www.wikidata.org/entity/Q56605049,AVIC Dingheng Shipbuilding,Китай,47,5_handymax (180-200м),3
http://www.wikidata.org/entity/Q28721321,Xiamen Shipbuilding Industry,Китай,58,3_mini-handy (100-130м),1
http://www.wikidata.org/entity/Q489195,Hanjin Heavy Industries,Республика Корея,262,2_прибрежное (25-100м),3
http://www.wikidata.org/entity/Q56436442,Scheepswerf Slob,Нидерланды,15,3_mini-handy (100-130м),1
http://www.wikidata.org/entity/Q106351770,Taizhou Kouan Shipbuilding Co Ltd,Китай,80,3_mini-handy (100-130м),2
http://www.wikidata.org/entity/Q10275470,Estaleiro Ilha,Бразилия,4,6_panamax (200-295м),2
http://www.wikidata.org/entity/Q1322196,Kremer-Werft,Германия,17,1_малое (<25м),1
http://www.wikidata.org/entity/Q1153446,Cantieri Riuniti dell'Adriatico,Италия,36,2_прибрежное (25-100м),1
http://www.wikidata.org/entity/Q4937616,Boghammar Marin AB,Швеция,8,1_малое (<25м),1
http://www.wikidata.org/entity/Q4315888,Невский судостроительно-судоремонтный завод,Россия,3,4_handysize (130-180м),2
http://www.wikidata.org/entity/Q377674,Oderwerke,Польша,15,1_малое (<25м),1
http://www.wikidata.org/entity/Q1485970,J. W. Klawitter,Королевство Пруссия,5,2_прибрежное (25-100м),3
http://www.wikidata.org/entity/Q1485970,J. W. Klawitter,Вольный город Данциг,5,2_прибрежное (25-100м),3
http://www.wikidata.org/entity/Q25382933,"Craig, Taylor & Company",Великобритания,6,2_прибрежное (25-100м),1
http://www.wikidata.org/entity/Q105872374,Q105872374,Германия,3,2_прибрежное (25-100м),2
http://www.wikidata.org/entity/Q107974496,Q107974496,Германия,6,2_прибрежное (25-100м),5
http://www.wikidata.org/entity/Q107974496,Q107974496,Германия,6,1_малое (<25м),1
http://www.wikidata.org/entity/Q1552142,Reiherstieg Schiffswerfte & Maschinenfabrik,Германия,37,1_малое (<25м),6
http://www.wikidata.org/entity/Q700418,Howaldtswerke-Deutsche Werft,Германия,262,1_малое (<25м),1
http://www.wikidata.org/entity/Q1715166,Jöhnk Werft,Германия,8,1_малое (<25м),2
http://www.wikidata.org/entity/Q8350285,La Naval (Sestao),Испания,30,3_mini-handy (100-130м),1
http://www.wikidata.org/entity/Q5358613,Eleusis Shipyards,Греция,5,3_mini-handy (100-130м),1
http://www.wikidata.org/entity/Q65059654,Zhonghua Shipyard,Китай,3,3_mini-handy (100-130м),1
http://www.wikidata.org/entity/Q6449578,Kvaerner Govan,Великобритания,5,4_handysize (130-180м),1
http://www.wikidata.org/entity/Q1016857,Burntisland Shipbuilding Company,Великобритания,17,3_mini-handy (100-130м),1
http://www.wikidata.org/entity/Q578212,SLKB Komarno – Slovak Shipyard Komárno,Словакия,191,3_mini-handy (100-130м),20
http://www.wikidata.org/entity/Q15844307,Q15844307,Германия,7,1_малое (<25м),3
http://www.wikidata.org/entity/Q15844307,Q15844307,Германия,7,2_прибрежное (25-100м),4
http://www.wikidata.org/entity/Q105443139,Q105443139,Германия,5,2_прибрежное (25-100м),4
http://www.wikidata.org/entity/Q1026563,Caledon Shipbuilding & Engineering Company,Великобритания,36,3_mini-handy (100-130м),3
http://www.wikidata.org/entity/Q2235344,Schiffswerft Laubegast,Германия,8,2_прибрежное (25-100м),1
http://www.wikidata.org/entity/Q17750722,Bolsønes Verft,Норвегия,14,1_малое (<25м),1
http://www.wikidata.org/entity/Q97219031,Sedef Shipyard,Турция,5,2_прибрежное (25-100м),1
http://www.wikidata.org/entity/Q82610,Newport News Shipbuilding,США,221,7_capesize (295-330м),1
http://www.wikidata.org/entity/Q323261,Дешимаг,Нацистская Германия,49,5_handymax (180-200м),2
http://www.wikidata.org/entity/Q323261,Дешимаг,Веймарская республика,49,5_handymax (180-200м),2
http://www.wikidata.org/entity/Q385426,Babcock International,Великобритания,4,6_panamax (200-295м),2
http://www.wikidata.org/entity/Q1161666,Thales,Франция,3,6_panamax (200-295м),2
http://www.wikidata.org/entity/Q1227511,Naval Group,Франция,60,6_panamax (200-295м),3
http://www.wikidata.org/entity/Q3077298,Société Nouvelle des Forges et Chantiers de la Méditerranée,Франция,91,5_handymax (180-200м),2
http://www.wikidata.org/entity/Q4834527,BAE Systems Maritime – Naval Ships,Великобритания,7,6_panamax (200-295м),2
http://www.wikidata.org/entity/Q183275,Mitsubishi,Япония,10,5_handymax (180-200м),1
http://www.wikidata.org/entity/Q1267285,Husumer Schiffswerft,Германия,63,1_малое (<25м),1
http://www.wikidata.org/entity/Q47121131,Kaarbøs Mek. Verksted,Норвегия,18,3_mini-handy (100-130м),1
http://www.wikidata.org/entity/Q5599444,Great Lakes Engineering Works,США,28,3_mini-handy (100-130м),1
http://www.wikidata.org/entity/Q7442086,Seattle Construction and Drydock Company,США,14,4_handysize (130-180м),1
http://www.wikidata.org/entity/Q12718333,Skaalurens Skibsbyggeri,Норвегия,20,3_mini-handy (100-130м),1
http://www.wikidata.org/entity/Q124463941,Finnyards,Финляндия,9,2_прибрежное (25-100м),1
http://www.wikidata.org/entity/Q5895125,Hongkong United Dockyard,Китай,12,3_mini-handy (100-130м),1
http://www.wikidata.org/entity/Q34417933,Oelkers-Werft,Германия,3,2_прибрежное (25-100м),2
http://www.wikidata.org/entity/Q34417933,Oelkers-Werft,Германский рейх,3,2_прибрежное (25-100м),2
http://www.wikidata.org/entity/Q43025422,Ateliers et Chantiers de La Rochelle-Pallice,Франция,3,3_mini-handy (100-130м),1
http://www.wikidata.org/entity/Q623503,William Beardmore and Company,Великобритания,47,3_mini-handy (100-130м),2
http://www.wikidata.org/entity/Q1145749,Nederlandsche Dok en Scheepsbouw Maatschappij,Нидерланды,24,6_panamax (200-295м),3
http://www.wikidata.org/entity/Q1259003,Messageries Maritimes,Франция,3,4_handysize (130-180м),1
http://www.wikidata.org/entity/Q3077298,Société Nouvelle des Forges et Chantiers de la Méditerranée,Франция,91,4_handysize (130-180м),4
http://www.wikidata.org/entity/Q3326593,IZAR,Испания,8,2_прибрежное (25-100м),1
http://www.wikidata.org/entity/Q705377,Meyer Werft,Германия,152,7_capesize (295-330м),11
http://www.wikidata.org/entity/Q705377,Meyer Werft,Германия,152,1_малое (<25м),1
http://www.wikidata.org/entity/Q1524298,STX Finland,Финляндия,39,7_capesize (295-330м),4
http://www.wikidata.org/entity/Q1524298,STX Finland,Финляндия,39,8_vlcc и крупнее (>330м),4
http://www.wikidata.org/entity/Q7224811,Wärtsilä Marine,,11,6_panamax (200-295м),2
http://www.wikidata.org/entity/Q12358532,Aker Finnyards,Финляндия,28,8_vlcc и крупнее (>330м),4
http://www.wikidata.org/entity/Q16536348,Ships built at Cantiere Navale Mario Morini,Италия,6,2_прибрежное (25-100м),2
http://www.wikidata.org/entity/Q130899678,"SAN YANG SHIPBUILDING CO., LTD.",Китайская Республика (Тайвань),5,1_малое (<25м),4
http://www.wikidata.org/entity/Q11158393,Aker Solutions Stord,Норвегия,25,8_vlcc и крупнее (>330м),6
http://www.wikidata.org/entity/Q1778280,Ulstein Group,Норвегия,5,2_прибрежное (25-100м),1
http://www.wikidata.org/entity/Q29093553,Bollinger Mississippi Shipbuilding,США,26,3_mini-handy (100-130м),1
http://www.wikidata.org/entity/Q281380,Бенетти,Италия,13,3_mini-handy (100-130м),1
http://www.wikidata.org/entity/Q1475054,Furness Withy,Великобритания,12,3_mini-handy (100-130м),1
http://www.wikidata.org/entity/Q2235336,Q2235336,Германия,4,1_малое (<25м),2
http://www.wikidata.org/entity/Q5020962,California Shipbuilding Corporation,США,63,8_vlcc и крупнее (>330м),1
http://www.wikidata.org/entity/Q5253340,Delaware River Iron Ship Building and Engine Works,,15,4_handysize (130-180м),1
http://www.wikidata.org/entity/Q5976644,Kaiser Shipyards,США,103,3_mini-handy (100-130м),1
http://www.wikidata.org/entity/Q20715102,"Todd Pacific Shipyards, Los Angeles Division",США,14,6_panamax (200-295м),1
http://www.wikidata.org/entity/Q11419682,Shikoku Dockyard,Япония,153,3_mini-handy (100-130м),2
http://www.wikidata.org/entity/Q11484094,Imabari Shipbuilding Hiroshima Shipyard,Япония,262,3_mini-handy (100-130м),4
http://www.wikidata.org/entity/Q1016699,Бурмейстер и Вайн,Дания,124,8_vlcc и крупнее (>330м),1
http://www.wikidata.org/entity/Q7988166,Western Pipe and Steel Company,США,56,3_mini-handy (100-130м),1
http://www.wikidata.org/entity/Q11158393,Aker Solutions Stord,Норвегия,25,1_малое (<25м),1
http://www.wikidata.org/entity/Q20391268,Alexandria Shipyard,Египет,13,2_прибрежное (25-100м),1
http://www.wikidata.org/entity/Q870276,Lloyd Werft,Германия,10,6_panamax (200-295м),2
http://www.wikidata.org/entity/Q1158347,Damen Schelde Naval Shipbuilding,Нидерланды,60,5_handymax (180-200м),2
http://www.wikidata.org/entity/Q3460164,STX France,Франция,10,8_vlcc и крупнее (>330м),1
http://www.wikidata.org/entity/Q3817603,Kvaerner Masa-Yards,Финляндия,45,7_capesize (295-330м),5
http://www.wikidata.org/entity/Q4732597,Allied Shipbuilders,Канада,17,3_mini-handy (100-130м),1
http://www.wikidata.org/entity/Q15883932,Werf Gusto,Нидерланды,7,3_mini-handy (100-130м),2
http://www.wikidata.org/entity/Q61770120,Cemre Shipyard,Турция,17,4_handysize (130-180м),1
http://www.wikidata.org/entity/Q300860,Ольборгская судоверфь,Дания,81,6_panamax (200-295м),2
http://www.wikidata.org/entity/Q1322484,Ekensberg shipyard,Швеция,5,1_малое (<25м),1
http://www.wikidata.org/entity/Q10542877,Kalmar shipyard,Швеция,10,1_малое (<25м),1
http://www.wikidata.org/entity/Q19869166,Thorskogs Mekaniska Verkstad,Швеция,4,2_прибрежное (25-100м),2
http://www.wikidata.org/entity/Q152027,Сен-Назер,Франция,6,8_vlcc и крупнее (>330м),1
http://www.wikidata.org/entity/Q309084,Alstom,Франция,5,8_vlcc и крупнее (>330м),1
http://www.wikidata.org/entity/Q494839,STX Europe,Норвегия,4,6_panamax (200-295м),3
http://www.wikidata.org/entity/Q1327429,Fincantieri,Италия,270,8_vlcc и крупнее (>330м),7
http://www.wikidata.org/entity/Q2868909,Ateliers et Chantiers de France,Франция,20,5_handymax (180-200м),2
http://www.wikidata.org/entity/Q18287543,Cityvarvet,Швеция,21,4_handysize (130-180м),2
http://www.wikidata.org/entity/Q10727553,Öresund shipyard,Швеция,63,5_handymax (180-200м),4
http://www.wikidata.org/entity/Q18343360,Ankerløkken Verft,Норвегия,54,1_малое (<25м),1
http://www.wikidata.org/entity/Q11544607,Higaki Shipbuilding,Япония,129,4_handysize (130-180м),1
http://www.wikidata.org/entity/Q99693171,Marmara Tersanesi,Турция,10,4_handysize (130-180м),1
http://www.wikidata.org/entity/Q502713,Stabilimento Tecnico Triestino,,55,8_vlcc и крупнее (>330м),2
http://www.wikidata.org/entity/Q527466,Bremer Vulkan,Германия,190,8_vlcc и крупнее (>330м),2
http://www.wikidata.org/entity/Q527466,Bremer Vulkan,Германский рейх,190,8_vlcc и крупнее (>330м),2
http://www.wikidata.org/entity/Q1455638,Frerichswerft,Германия,8,3_mini-handy (100-130м),1
http://www.wikidata.org/entity/Q2235355,Henry Koch shipyard,Германия,3,2_прибрежное (25-100м),1
http://www.wikidata.org/entity/Q2567444,Wichhorst-Werft,Германия,3,1_малое (<25м),1
http://www.wikidata.org/entity/Q10562558,Lindholmen Shipyard,Швеция,40,1_малое (<25м),1
http://www.wikidata.org/entity/Q28569825,Robert Napier and Sons,Великобритания,34,2_прибрежное (25-100м),1
http://www.wikidata.org/entity/Q105572387,Sir Raylton Dixon & Co.,Соединённое королевство Великобритании и Ирландии,15,2_прибрежное (25-100м),1
http://www.wikidata.org/entity/Q131138062,Estaleiros Mónica,Португалия,3,2_прибрежное (25-100м),2
http://www.wikidata.org/entity/Q134397568,Cleveland Ship Building Company,США,6,7_capesize (295-330м),1
http://www.wikidata.org/entity/Q748148,Kawasaki Heavy Industries,Япония,94,1_малое (<25м),2
http://www.wikidata.org/entity/Q1790613,Lürssen-Kröger-Werft,,73,1_малое (<25м),1
http://www.wikidata.org/entity/Q5000378,Burrard Dry Dock,Канада,29,3_mini-handy (100-130м),1
http://www.wikidata.org/entity/Q52503328,Simek,Норвегия,57,1_малое (<25м),1
http://www.wikidata.org/entity/Q87200290,Düzgit,,3,2_прибрежное (25-100м),1
http://www.wikidata.org/entity/Q90428675,Måløy verft,Норвегия,6,1_малое (<25м),1
http://www.wikidata.org/entity/Q1362430,Lübecker Maschinenbau Gesellschaft,Германия,8,4_handysize (130-180м),1
http://www.wikidata.org/entity/Q4744979,American Ship Building Company,США,78,2_прибрежное (25-100м),1
http://www.wikidata.org/entity/Q502940,General Dynamics,США,7,8_vlcc и крупнее (>330м),3
http://www.wikidata.org/entity/Q805723,"Baltijos laivų statykla, AB",Литва,34,3_mini-handy (100-130м),2
http://www.wikidata.org/entity/Q870276,Lloyd Werft,Германия,10,4_handysize (130-180м),7
http://www.wikidata.org/entity/Q5131143,Clelands Shipbuilding Company,Великобритания,17,3_mini-handy (100-130м),1
http://www.wikidata.org/entity/Q637673,Wilton-Fijenoord,Нидерланды,30,5_handymax (180-200м),1
http://www.wikidata.org/entity/Q1073329,China Merchants,Китай,6,3_mini-handy (100-130м),1
http://www.wikidata.org/entity/Q3460164,STX France,Франция,10,7_capesize (295-330м),3
http://www.wikidata.org/entity/Q21927194,Meyer Turku,Финляндия,56,7_capesize (295-330м),7
http://www.wikidata.org/entity/Q21927194,Meyer Turku,Финляндия,56,8_vlcc и крупнее (>330м),5
http://www.wikidata.org/entity/Q1699354,John Blumer and Company,Великобритания,5,3_mini-handy (100-130м),1
http://www.wikidata.org/entity/Q2151069,"Richardson, Duck and Company",Великобритания,26,2_прибрежное (25-100м),1
http://www.wikidata.org/entity/Q2666279,Cassens Werft GmbH,Германия,68,6_panamax (200-295м),1
http://www.wikidata.org/entity/Q12317546,"Hvide Sande Shipyard, Steel & Service",Дания,13,1_малое (<25м),1
http://www.wikidata.org/entity/Q85817257,İÇDAŞ,Турция,6,2_прибрежное (25-100м),4
http://www.wikidata.org/entity/Q730055,Кузница на Рыбальском,Украина,36,3_mini-handy (100-130м),6
http://www.wikidata.org/entity/Q31843822,Brodotrogir,Хорватия,20,3_mini-handy (100-130м),1
http://www.wikidata.org/entity/Q108102011,Anadolu Shipyard,Турция,17,2_прибрежное (25-100м),1
http://www.wikidata.org/entity/Q1778280,Ulstein Group,Норвегия,5,3_mini-handy (100-130м),1
http://www.wikidata.org/entity/Q10852472,Vard Group,Норвегия,8,6_panamax (200-295м),1
http://www.wikidata.org/entity/Q11288022,Wigham Richardson,Великобритания,11,3_mini-handy (100-130м),1
http://www.wikidata.org/entity/Q20061713,West Sea,Португалия,8,3_mini-handy (100-130м),1
http://www.wikidata.org/entity/Q1543070,Grangemouth Dockyard Company,Великобритания,15,3_mini-handy (100-130м),1
http://www.wikidata.org/entity/Q5065603,Cestné a Stavebné Mechanizmy Tisovec,Словакия,143,4_handysize (130-180м),1
http://www.wikidata.org/entity/Q134312411,Globe Iron Works,США,4,7_capesize (295-330м),1
http://www.wikidata.org/entity/Q86667732,T. Mariotti,Италия,10,6_panamax (200-295м),1
http://www.wikidata.org/entity/Q86667732,T. Mariotti,Италия,10,5_handymax (180-200м),1
http://www.wikidata.org/entity/Q2880314,Seebeckwerft,Германия,6,3_mini-handy (100-130м),1
http://www.wikidata.org/entity/Q2880314,Seebeckwerft,Германский рейх,6,3_mini-handy (100-130м),1
http://www.wikidata.org/entity/Q124423258,China Merchants Jinling Shipyard (Weihai),Китай,8,6_panamax (200-295м),1
http://www.wikidata.org/entity/Q11269026,Shimanami Shipyard,Япония,123,6_panamax (200-295м),1
http://www.wikidata.org/entity/Q11632310,Kegoya Dock,Япония,63,4_handysize (130-180м),1
http://www.wikidata.org/entity/Q578212,SLKB Komarno – Slovak Shipyard Komárno,Словакия,191,1_малое (<25м),1
http://www.wikidata.org/entity/Q23074227,Gulf Shipbuilding Corporation,США,4,4_handysize (130-180м),1
http://www.wikidata.org/entity/Q657096,Lürssen Werft,Германия,71,1_малое (<25м),1
http://www.wikidata.org/entity/Q1032384,Canadian Vickers,Канада,48,7_capesize (295-330м),1
http://www.wikidata.org/entity/Q1263383,Schweers Werft,Германия,4,1_малое (<25м),2
http://www.wikidata.org/entity/Q1673688,MAN DWE,Германия,6,2_прибрежное (25-100м),3
http://www.wikidata.org/entity/Q7224811,Wärtsilä Marine,,11,2_прибрежное (25-100м),1
http://www.wikidata.org/entity/Q1032384,Canadian Vickers,Канада,48,2_прибрежное (25-100м),1
http://www.wikidata.org/entity/Q1497107,Gebr. Wiemann,Германия,7,1_малое (<25м),1
http://www.wikidata.org/entity/Q110340992,Carrington Boats Ltd,Великобритания,3,1_малое (<25м),1
http://www.wikidata.org/entity/Q110340992,Carrington Boats Ltd,Великобритания,3,2_прибрежное (25-100м),1
http://www.wikidata.org/entity/Q110561223,Pauger Composites (HUN),Венгрия,3,1_малое (<25м),1
http://www.wikidata.org/entity/Q111725979,Płocka Stocznia Rzeczna,Польская Народная Республика,11,1_малое (<25м),3
http://www.wikidata.org/entity/Q4834525,BAE Systems Marine,Великобритания,3,4_handysize (130-180м),2
http://www.wikidata.org/entity/Q5389052,Eriksbergs Mekaniska Verkstad,Швеция,106,1_малое (<25м),2
http://www.wikidata.org/entity/Q11989662,Mjellem & Karlsen Verft,Норвегия,61,4_handysize (130-180м),1
http://www.wikidata.org/entity/Q1826035,Lindenau Shipyard,Германия,77,1_малое (<25м),1
http://www.wikidata.org/entity/Q3428923,Джон Коккериль,Бельгия,5,3_mini-handy (100-130м),1
http://www.wikidata.org/entity/Q6535665,Levingston Shipbuilding Company,США,28,3_mini-handy (100-130м),4
http://www.wikidata.org/entity/Q1263383,Schweers Werft,Германия,4,2_прибрежное (25-100м),1
http://www.wikidata.org/entity/Q7162414,Пендик,Турция,5,2_прибрежное (25-100м),1
http://www.wikidata.org/entity/Q10318915,Lisnave,Португалия,8,4_handysize (130-180м),1
http://www.wikidata.org/entity/Q54621315,Cockatoo Docks & Engineering Company,,14,5_handymax (180-200м),1
http://www.wikidata.org/entity/Q116922394,Taşkızak Naval Shipyard,Турция,3,2_прибрежное (25-100м),1
http://www.wikidata.org/entity/Q2002710,Пульман,США,8,2_прибрежное (25-100м),1
http://www.wikidata.org/entity/Q102128174,Cockerill-Ougrée,Бельгия,11,5_handymax (180-200м),1
http://www.wikidata.org/entity/Q2463762,Empresa Nacional Bazán,Испания,39,2_прибрежное (25-100м),8
http://www.wikidata.org/entity/Q17011535,Morton Engineering and Dry Dock Company,Канада,23,2_прибрежное (25-100м),1
http://www.wikidata.org/entity/Q60619888,Schiffswerft Schlömer,Германия,8,1_малое (<25м),1
http://www.wikidata.org/entity/Q292745,AG Vulcan Stettin,Веймарская республика,195,8_vlcc и крупнее (>330м),1
http://www.wikidata.org/entity/Q292745,AG Vulcan Stettin,Германская империя,195,8_vlcc и крупнее (>330м),1
http://www.wikidata.org/entity/Q1442711,Halifax Shipyard,Канада,25,4_handysize (130-180м),1
http://www.wikidata.org/entity/Q113652740,Stahlbau Nord,Германия,4,2_прибрежное (25-100м),1
http://www.wikidata.org/entity/Q4228338,Коломенский завод,Россия,3,2_прибрежное (25-100м),1
http://www.wikidata.org/entity/Q17328871,A. Vuijk & Zonen's Scheepswerven,Нидерланды,20,3_mini-handy (100-130м),1
http://www.wikidata.org/entity/Q845786,Cockerill-Sambre,Бельгия,7,5_handymax (180-200м),1
http://www.wikidata.org/entity/Q13529962,John Laird,,4,2_прибрежное (25-100м),1
http://www.wikidata.org/entity/Q530989,Балтийский завод,Россия,109,7_capesize (295-330м),1
http://www.wikidata.org/entity/Q838929,Амурский судостроительный завод,Россия,12,3_mini-handy (100-130м),1
http://www.wikidata.org/entity/Q4700638,Aker Verdal,Норвегия,6,2_прибрежное (25-100м),1
http://www.wikidata.org/entity/Q10313115,Jurong Shipyard,Сингапур,15,3_mini-handy (100-130м),2
http://www.wikidata.org/entity/Q60045486,Shanghai Waigaoqiao Shipbuilding,Китай,267,3_mini-handy (100-130м),1
http://www.wikidata.org/entity/Q1547220,Sir Raylton Dixon,,13,4_handysize (130-180м),1
http://www.wikidata.org/entity/Q1699428,John Brown & Company,Великобритания,224,7_capesize (295-330м),2
http://www.wikidata.org/entity/Q2535390,Vulkanwerft,Германия,14,6_panamax (200-295м),1
http://www.wikidata.org/entity/Q2868920,Ateliers et Chantiers de la Loire,Франция,32,5_handymax (180-200м),1
http://www.wikidata.org/entity/Q2956404,Chantiers de la Loire,Франция,5,4_handysize (130-180м),1
http://www.wikidata.org/entity/Q4700633,Philly Shipyard,США,6,4_handysize (130-180м),2
http://www.wikidata.org/entity/Q22101730,Ateliers et Chantiers de Saint-Nazaire Penhoët,Франция,32,7_capesize (295-330м),1
http://www.wikidata.org/entity/Q323261,Дешимаг,Нацистская Германия,49,4_handysize (130-180м),1
http://www.wikidata.org/entity/Q323261,Дешимаг,Веймарская республика,49,4_handysize (130-180м),1
http://www.wikidata.org/entity/Q11543253,Yokohama Dock,Япония,12,4_handysize (130-180м),1
http://www.wikidata.org/entity/Q22101730,Ateliers et Chantiers de Saint-Nazaire Penhoët,Франция,32,6_panamax (200-295м),2
http://www.wikidata.org/entity/Q1029631,Cammell Laird,Великобритания,257,5_handymax (180-200м),1
http://www.wikidata.org/entity/Q946123,Rotterdamsche Droogdok Maatschappij,Нидерланды,28,5_handymax (180-200м),1
http://www.wikidata.org/entity/Q9630884,Arsenal do Alfeite,Португалия,3,1_малое (<25м),2
http://www.wikidata.org/entity/Q122574939,China Merchants Heavy Industry,Китай,4,5_handymax (180-200м),1
http://www.wikidata.org/entity/Q845144,Trondhjems mekaniske Værksted,Норвегия,48,5_handymax (180-200м),1
http://www.wikidata.org/entity/Q5221477,Danziger Werft,Вольный город Данциг,6,4_handysize (130-180м),1
http://www.wikidata.org/entity/Q12002778,Stavanger Støberi & Dok,Норвегия,75,4_handysize (130-180м),2
http://www.wikidata.org/entity/Q145,Великобритания,Великобритания,4,2_прибрежное (25-100м),1
http://www.wikidata.org/entity/Q5166879,"Cook, Welton & Gemmell",Великобритания,44,2_прибрежное (25-100м),1
